Sample Name,Host Organism,Sample Type,Nucleotide Type,Collection Date,Collection Location,is_enriched
SRR21452137_R1.fastq.gz,Human,Environmental,RNA,2020-07-20,ESC,0
SRR21452137_R2.fastq.gz,Human,Environmental,RNA,2020-07-20,ESC,0
SRR21452136_R1.fastq.gz,Human,Environmental,RNA,2020-07-27,ESC,0
SRR21452136_R2.fastq.gz,Human,Environmental,RNA,2020-07-27,ESC,0
SRR18341038_R1.fastq.gz,Human,Environmental,RNA,2020-08-03,ESC,1
SRR18341038_R2.fastq.gz,Human,Environmental,RNA,2020-08-03,ESC,1
SRR18340986_R1.fastq.gz,Human,Environmental,RNA,2020-08-10,ESC,1
SRR18340986_R2.fastq.gz,Human,Environmental,RNA,2020-08-10,ESC,1
SRR18341037_R1.fastq.gz,Human,Environmental,RNA,2020-08-31,ESC,1
SRR18341037_R2.fastq.gz,Human,Environmental,RNA,2020-08-31,ESC,1
SRR18341036_R1.fastq.gz,Human,Environmental,RNA,2020-09-14,ESC,1
SRR18341036_R2.fastq.gz,Human,Environmental,RNA,2020-09-14,ESC,1
SRR18341035_R1.fastq.gz,Human,Environmental,RNA,2020-09-21,ESC,1
SRR18341035_R2.fastq.gz,Human,Environmental,RNA,2020-09-21,ESC,1
SRR18340978_R1.fastq.gz,Human,Environmental,RNA,2020-10-05,ESC,1
SRR18340978_R2.fastq.gz,Human,Environmental,RNA,2020-10-05,ESC,1
SRR18341039_R1.fastq.gz,Human,Environmental,RNA,2020-10-12,ESC,1
SRR18341039_R2.fastq.gz,Human,Environmental,RNA,2020-10-12,ESC,1
SRR18341028_R1.fastq.gz,Human,Environmental,RNA,2020-10-19,ESC,1
SRR18341028_R2.fastq.gz,Human,Environmental,RNA,2020-10-19,ESC,1
SRR18341017_R1.fastq.gz,Human,Environmental,RNA,2020-10-26,ESC,1
SRR18341017_R2.fastq.gz,Human,Environmental,RNA,2020-10-26,ESC,1
SRR18341080_R1.fastq.gz,Human,Environmental,RNA,2020-11-02,ESC,1
SRR18341080_R2.fastq.gz,Human,Environmental,RNA,2020-11-02,ESC,1
SRR18340967_R1.fastq.gz,Human,Environmental,RNA,2020-11-16,ESC,1
SRR18340967_R2.fastq.gz,Human,Environmental,RNA,2020-11-16,ESC,1
SRR18341135_R1.fastq.gz,Human,Environmental,RNA,2020-11-23,ESC,1
SRR18341135_R2.fastq.gz,Human,Environmental,RNA,2020-11-23,ESC,1
SRR18341124_R1.fastq.gz,Human,Environmental,RNA,2020-11-30,ESC,1
SRR18341124_R2.fastq.gz,Human,Environmental,RNA,2020-11-30,ESC,1
SRR18341113_R1.fastq.gz,Human,Environmental,RNA,2020-12-14,ESC,1
SRR18341113_R2.fastq.gz,Human,Environmental,RNA,2020-12-14,ESC,1
SRR18341062_R1.fastq.gz,Human,Environmental,RNA,2020-12-21,ESC,1
SRR18341062_R2.fastq.gz,Human,Environmental,RNA,2020-12-21,ESC,1
SRR18340994_R1.fastq.gz,Human,Environmental,RNA,2021-01-04,ESC,1
SRR18340994_R2.fastq.gz,Human,Environmental,RNA,2021-01-04,ESC,1
SRR18341137_R1.fastq.gz,Human,Environmental,RNA,2021-01-11,ESC,1
SRR18341137_R2.fastq.gz,Human,Environmental,RNA,2021-01-11,ESC,1
SRR18341136_R1.fastq.gz,Human,Environmental,RNA,2021-01-18,ESC,1
SRR18341136_R2.fastq.gz,Human,Environmental,RNA,2021-01-18,ESC,1
SRR18341005_R1.fastq.gz,Human,Environmental,RNA,2021-01-25,ESC,1
SRR18341005_R2.fastq.gz,Human,Environmental,RNA,2021-01-25,ESC,1
SRR18341007_R1.fastq.gz,Human,Environmental,RNA,2021-02-08,ESC,1
SRR18341007_R2.fastq.gz,Human,Environmental,RNA,2021-02-08,ESC,1
SRR18341097_R1.fastq.gz,Human,Environmental,RNA,2021-02-15,ESC,1
SRR18341097_R2.fastq.gz,Human,Environmental,RNA,2021-02-15,ESC,1
SRR18341086_R1.fastq.gz,Human,Environmental,RNA,2021-02-22,ESC,1
SRR18341086_R2.fastq.gz,Human,Environmental,RNA,2021-02-22,ESC,1
SRR18341001_R1.fastq.gz,Human,Environmental,RNA,2021-03-08,ESC,1
SRR18341001_R2.fastq.gz,Human,Environmental,RNA,2021-03-08,ESC,1
SRR18341004_R1.fastq.gz,Human,Environmental,RNA,2021-03-17,ESC,1
SRR18341004_R2.fastq.gz,Human,Environmental,RNA,2021-03-17,ESC,1
SRR18341003_R1.fastq.gz,Human,Environmental,RNA,2021-03-22,ESC,1
SRR18341003_R2.fastq.gz,Human,Environmental,RNA,2021-03-22,ESC,1
SRR18341002_R1.fastq.gz,Human,Environmental,RNA,2021-03-29,ESC,1
SRR18341002_R2.fastq.gz,Human,Environmental,RNA,2021-03-29,ESC,1
SRR18340997_R1.fastq.gz,Human,Environmental,RNA,2021-04-05,ESC,1
SRR18340997_R2.fastq.gz,Human,Environmental,RNA,2021-04-05,ESC,1
SRR18341000_R1.fastq.gz,Human,Environmental,RNA,2021-04-12,ESC,1
SRR18341000_R2.fastq.gz,Human,Environmental,RNA,2021-04-12,ESC,1
SRR18340999_R1.fastq.gz,Human,Environmental,RNA,2021-04-19,ESC,1
SRR18340999_R2.fastq.gz,Human,Environmental,RNA,2021-04-19,ESC,1
SRR18340995_R1.fastq.gz,Human,Environmental,RNA,2021-05-24,ESC,1
SRR18340995_R2.fastq.gz,Human,Environmental,RNA,2021-05-24,ESC,1
SRR18340993_R1.fastq.gz,Human,Environmental,RNA,2021-05-31,ESC,1
SRR18340993_R2.fastq.gz,Human,Environmental,RNA,2021-05-31,ESC,1
SRR18340992_R1.fastq.gz,Human,Environmental,RNA,2021-06-14,ESC,1
SRR18340992_R2.fastq.gz,Human,Environmental,RNA,2021-06-14,ESC,1
SRR18340991_R1.fastq.gz,Human,Environmental,RNA,2021-06-24,ESC,1
SRR18340991_R2.fastq.gz,Human,Environmental,RNA,2021-06-24,ESC,1
SRR18340987_R1.fastq.gz,Human,Environmental,RNA,2021-07-05,ESC,1
SRR18340987_R2.fastq.gz,Human,Environmental,RNA,2021-07-05,ESC,1
SRR18340989_R1.fastq.gz,Human,Environmental,RNA,2021-07-12,ESC,1
SRR18340989_R2.fastq.gz,Human,Environmental,RNA,2021-07-12,ESC,1
SRR18340988_R1.fastq.gz,Human,Environmental,RNA,2021-07-19,ESC,1
SRR18340988_R2.fastq.gz,Human,Environmental,RNA,2021-07-19,ESC,1
SRR14530767_R1.fastq.gz,Human,Environmental,RNA,2020-08-11,HTP,0
SRR14530767_R2.fastq.gz,Human,Environmental,RNA,2020-08-11,HTP,0
SRR14530790_R1.fastq.gz,Human,Environmental,RNA,2020-08-11,HTP,1
SRR14530790_R2.fastq.gz,Human,Environmental,RNA,2020-08-11,HTP,1
SRR14530766_R1.fastq.gz,Human,Environmental,RNA,2020-08-18,HTP,0
SRR14530766_R2.fastq.gz,Human,Environmental,RNA,2020-08-18,HTP,0
SRR14530779_R1.fastq.gz,Human,Environmental,RNA,2020-08-18,HTP,1
SRR14530779_R2.fastq.gz,Human,Environmental,RNA,2020-08-18,HTP,1
SRR14530765_R1.fastq.gz,Human,Environmental,RNA,2020-08-25,HTP,0
SRR14530765_R2.fastq.gz,Human,Environmental,RNA,2020-08-25,HTP,0
SRR14530768_R1.fastq.gz,Human,Environmental,RNA,2020-08-25,HTP,1
SRR14530768_R2.fastq.gz,Human,Environmental,RNA,2020-08-25,HTP,1
SRR14530757_R1.fastq.gz,Human,Environmental,RNA,2020-09-01,HTP,1
SRR14530757_R2.fastq.gz,Human,Environmental,RNA,2020-09-01,HTP,1
SRR14530764_R1.fastq.gz,Human,Environmental,RNA,2020-09-01,HTP,0
SRR14530764_R2.fastq.gz,Human,Environmental,RNA,2020-09-01,HTP,0
SRR14530746_R1.fastq.gz,Human,Environmental,RNA,2020-09-08,HTP,1
SRR14530746_R2.fastq.gz,Human,Environmental,RNA,2020-09-08,HTP,1
SRR14530763_R1.fastq.gz,Human,Environmental,RNA,2020-09-08,HTP,0
SRR14530763_R2.fastq.gz,Human,Environmental,RNA,2020-09-08,HTP,0
SRR14530735_R1.fastq.gz,Human,Environmental,RNA,2020-09-15,HTP,1
SRR14530735_R2.fastq.gz,Human,Environmental,RNA,2020-09-15,HTP,1
SRR14530762_R1.fastq.gz,Human,Environmental,RNA,2020-09-15,HTP,0
SRR14530762_R2.fastq.gz,Human,Environmental,RNA,2020-09-15,HTP,0
SRR14530843_R1.fastq.gz,Human,Environmental,RNA,2020-09-22,HTP,1
SRR14530843_R2.fastq.gz,Human,Environmental,RNA,2020-09-22,HTP,1
SRR14530881_R1.fastq.gz,Human,Environmental,RNA,2020-09-22,HTP,0
SRR14530881_R2.fastq.gz,Human,Environmental,RNA,2020-09-22,HTP,0
SRR14530842_R1.fastq.gz,Human,Environmental,RNA,2020-09-29,HTP,1
SRR14530842_R2.fastq.gz,Human,Environmental,RNA,2020-09-29,HTP,1
SRR14530880_R1.fastq.gz,Human,Environmental,RNA,2020-09-29,HTP,0
SRR14530880_R2.fastq.gz,Human,Environmental,RNA,2020-09-29,HTP,0
SRR14530772_R1.fastq.gz,Human,Environmental,RNA,2020-10-02,HTP,0
SRR14530772_R2.fastq.gz,Human,Environmental,RNA,2020-10-02,HTP,0
SRR14530820_R1.fastq.gz,Human,Environmental,RNA,2020-10-02,HTP,1
SRR14530820_R2.fastq.gz,Human,Environmental,RNA,2020-10-02,HTP,1
SRR14530771_R1.fastq.gz,Human,Environmental,RNA,2020-10-13,HTP,0
SRR14530771_R2.fastq.gz,Human,Environmental,RNA,2020-10-13,HTP,0
SRR14530819_R1.fastq.gz,Human,Environmental,RNA,2020-10-13,HTP,1
SRR14530819_R2.fastq.gz,Human,Environmental,RNA,2020-10-13,HTP,1
SRR14530770_R1.fastq.gz,Human,Environmental,RNA,2020-10-20,HTP,0
SRR14530770_R2.fastq.gz,Human,Environmental,RNA,2020-10-20,HTP,0
SRR14530812_R1.fastq.gz,Human,Environmental,RNA,2020-10-20,HTP,1
SRR14530812_R2.fastq.gz,Human,Environmental,RNA,2020-10-20,HTP,1
SRR14530769_R1.fastq.gz,Human,Environmental,RNA,2020-10-27,HTP,0
SRR14530769_R2.fastq.gz,Human,Environmental,RNA,2020-10-27,HTP,0
SRR14530801_R1.fastq.gz,Human,Environmental,RNA,2020-10-27,HTP,1
SRR14530801_R2.fastq.gz,Human,Environmental,RNA,2020-10-27,HTP,1
SRR14530847_R1.fastq.gz,Human,Environmental,RNA,2020-11-03,HTP,1
SRR14530847_R2.fastq.gz,Human,Environmental,RNA,2020-11-03,HTP,1
SRR14530888_R1.fastq.gz,Human,Environmental,RNA,2020-11-03,HTP,0
SRR14530888_R2.fastq.gz,Human,Environmental,RNA,2020-11-03,HTP,0
SRR14530890_R1.fastq.gz,Human,Environmental,RNA,2020-11-17,HTP,0
SRR14530890_R2.fastq.gz,Human,Environmental,RNA,2020-11-17,HTP,0
SRR14530848_R1.fastq.gz,Human,Environmental,RNA,2020-11-24,HTP,1
SRR14530848_R2.fastq.gz,Human,Environmental,RNA,2020-11-24,HTP,1
SRR14530889_R1.fastq.gz,Human,Environmental,RNA,2020-11-24,HTP,0
SRR14530889_R2.fastq.gz,Human,Environmental,RNA,2020-11-24,HTP,0
SRR14530887_R1.fastq.gz,Human,Environmental,RNA,2020-12-01,HTP,0
SRR14530887_R2.fastq.gz,Human,Environmental,RNA,2020-12-01,HTP,0
SRR14530846_R1.fastq.gz,Human,Environmental,RNA,2020-12-04,HTP,1
SRR14530846_R2.fastq.gz,Human,Environmental,RNA,2020-12-04,HTP,1
SRR14530886_R1.fastq.gz,Human,Environmental,RNA,2020-12-04,HTP,0
SRR14530886_R2.fastq.gz,Human,Environmental,RNA,2020-12-04,HTP,0
SRR14530885_R1.fastq.gz,Human,Environmental,RNA,2020-12-15,HTP,0
SRR14530885_R2.fastq.gz,Human,Environmental,RNA,2020-12-15,HTP,0
SRR14530845_R1.fastq.gz,Human,Environmental,RNA,2020-12-22,HTP,1
SRR14530845_R2.fastq.gz,Human,Environmental,RNA,2020-12-22,HTP,1
SRR14530884_R1.fastq.gz,Human,Environmental,RNA,2020-12-22,HTP,0
SRR14530884_R2.fastq.gz,Human,Environmental,RNA,2020-12-22,HTP,0
SRR14530844_R1.fastq.gz,Human,Environmental,RNA,2020-12-29,HTP,1
SRR14530844_R2.fastq.gz,Human,Environmental,RNA,2020-12-29,HTP,1
SRR14530882_R1.fastq.gz,Human,Environmental,RNA,2020-12-29,HTP,0
SRR14530882_R2.fastq.gz,Human,Environmental,RNA,2020-12-29,HTP,0
SRR14530849_R1.fastq.gz,Human,Environmental,RNA,2021-01-03,HTP,1
SRR14530849_R2.fastq.gz,Human,Environmental,RNA,2021-01-03,HTP,1
SRR14530891_R1.fastq.gz,Human,Environmental,RNA,2021-01-03,HTP,0
SRR14530891_R2.fastq.gz,Human,Environmental,RNA,2021-01-03,HTP,0
SRR18341023_R1.fastq.gz,Human,Environmental,RNA,2021-01-05,HTP,1
SRR18341023_R2.fastq.gz,Human,Environmental,RNA,2021-01-05,HTP,1
SRR18341022_R1.fastq.gz,Human,Environmental,RNA,2021-01-07,HTP,1
SRR18341022_R2.fastq.gz,Human,Environmental,RNA,2021-01-07,HTP,1
SRR18341033_R1.fastq.gz,Human,Environmental,RNA,2021-01-10,HTP,1
SRR18341033_R2.fastq.gz,Human,Environmental,RNA,2021-01-10,HTP,1
SRR18341032_R1.fastq.gz,Human,Environmental,RNA,2021-01-12,HTP,1
SRR18341032_R2.fastq.gz,Human,Environmental,RNA,2021-01-12,HTP,1
SRR18341031_R1.fastq.gz,Human,Environmental,RNA,2021-01-14,HTP,1
SRR18341031_R2.fastq.gz,Human,Environmental,RNA,2021-01-14,HTP,1
SRR18341030_R1.fastq.gz,Human,Environmental,RNA,2021-01-19,HTP,1
SRR18341030_R2.fastq.gz,Human,Environmental,RNA,2021-01-19,HTP,1
SRR18341025_R1.fastq.gz,Human,Environmental,RNA,2021-01-28,HTP,1
SRR18341025_R2.fastq.gz,Human,Environmental,RNA,2021-01-28,HTP,1
SRR18341016_R1.fastq.gz,Human,Environmental,RNA,2021-02-02,HTP,1
SRR18341016_R2.fastq.gz,Human,Environmental,RNA,2021-02-02,HTP,1
SRR18340984_R1.fastq.gz,Human,Environmental,RNA,2021-02-04,HTP,1
SRR18340984_R2.fastq.gz,Human,Environmental,RNA,2021-02-04,HTP,1
SRR18340983_R1.fastq.gz,Human,Environmental,RNA,2021-02-07,HTP,1
SRR18340983_R2.fastq.gz,Human,Environmental,RNA,2021-02-07,HTP,1
SRR18340982_R1.fastq.gz,Human,Environmental,RNA,2021-02-09,HTP,1
SRR18340982_R2.fastq.gz,Human,Environmental,RNA,2021-02-09,HTP,1
SRR18341020_R1.fastq.gz,Human,Environmental,RNA,2021-02-15,HTP,1
SRR18341020_R2.fastq.gz,Human,Environmental,RNA,2021-02-15,HTP,1
SRR18341019_R1.fastq.gz,Human,Environmental,RNA,2021-02-16,HTP,1
SRR18341019_R2.fastq.gz,Human,Environmental,RNA,2021-02-16,HTP,1
SRR18341018_R1.fastq.gz,Human,Environmental,RNA,2021-02-18,HTP,1
SRR18341018_R2.fastq.gz,Human,Environmental,RNA,2021-02-18,HTP,1
SRR18341015_R1.fastq.gz,Human,Environmental,RNA,2021-02-21,HTP,1
SRR18341015_R2.fastq.gz,Human,Environmental,RNA,2021-02-21,HTP,1
SRR18341014_R1.fastq.gz,Human,Environmental,RNA,2021-02-23,HTP,1
SRR18341014_R2.fastq.gz,Human,Environmental,RNA,2021-02-23,HTP,1
SRR18340985_R1.fastq.gz,Human,Environmental,RNA,2021-02-28,HTP,1
SRR18340985_R2.fastq.gz,Human,Environmental,RNA,2021-02-28,HTP,1
SRR18340976_R1.fastq.gz,Human,Environmental,RNA,2021-03-02,HTP,1
SRR18340976_R2.fastq.gz,Human,Environmental,RNA,2021-03-02,HTP,1
SRR18340968_R1.fastq.gz,Human,Environmental,RNA,2021-03-07,HTP,1
SRR18340968_R2.fastq.gz,Human,Environmental,RNA,2021-03-07,HTP,1
SRR18340966_R1.fastq.gz,Human,Environmental,RNA,2021-03-09,HTP,1
SRR18340966_R2.fastq.gz,Human,Environmental,RNA,2021-03-09,HTP,1
SRR18340980_R1.fastq.gz,Human,Environmental,RNA,2021-03-14,HTP,1
SRR18340980_R2.fastq.gz,Human,Environmental,RNA,2021-03-14,HTP,1
SRR18340979_R1.fastq.gz,Human,Environmental,RNA,2021-03-16,HTP,1
SRR18340979_R2.fastq.gz,Human,Environmental,RNA,2021-03-16,HTP,1
SRR18340977_R1.fastq.gz,Human,Environmental,RNA,2021-03-18,HTP,1
SRR18340977_R2.fastq.gz,Human,Environmental,RNA,2021-03-18,HTP,1
SRR18340975_R1.fastq.gz,Human,Environmental,RNA,2021-03-21,HTP,1
SRR18340975_R2.fastq.gz,Human,Environmental,RNA,2021-03-21,HTP,1
SRR18340974_R1.fastq.gz,Human,Environmental,RNA,2021-03-23,HTP,1
SRR18340974_R2.fastq.gz,Human,Environmental,RNA,2021-03-23,HTP,1
SRR18340973_R1.fastq.gz,Human,Environmental,RNA,2021-03-25,HTP,1
SRR18340973_R2.fastq.gz,Human,Environmental,RNA,2021-03-25,HTP,1
SRR18340972_R1.fastq.gz,Human,Environmental,RNA,2021-03-29,HTP,1
SRR18340972_R2.fastq.gz,Human,Environmental,RNA,2021-03-29,HTP,1
SRR18340971_R1.fastq.gz,Human,Environmental,RNA,2021-03-30,HTP,1
SRR18340971_R2.fastq.gz,Human,Environmental,RNA,2021-03-30,HTP,1
SRR18340970_R1.fastq.gz,Human,Environmental,RNA,2021-03-31,HTP,1
SRR18340970_R2.fastq.gz,Human,Environmental,RNA,2021-03-31,HTP,1
SRR18340960_R1.fastq.gz,Human,Environmental,RNA,2021-04-04,HTP,1
SRR18340960_R2.fastq.gz,Human,Environmental,RNA,2021-04-04,HTP,1
SRR18340959_R1.fastq.gz,Human,Environmental,RNA,2021-04-06,HTP,1
SRR18340959_R2.fastq.gz,Human,Environmental,RNA,2021-04-06,HTP,1
SRR18340958_R1.fastq.gz,Human,Environmental,RNA,2021-04-08,HTP,1
SRR18340958_R2.fastq.gz,Human,Environmental,RNA,2021-04-08,HTP,1
SRR18340965_R1.fastq.gz,Human,Environmental,RNA,2021-04-15,HTP,1
SRR18340965_R2.fastq.gz,Human,Environmental,RNA,2021-04-15,HTP,1
SRR18340964_R1.fastq.gz,Human,Environmental,RNA,2021-04-22,HTP,1
SRR18340964_R2.fastq.gz,Human,Environmental,RNA,2021-04-22,HTP,1
SRR18340963_R1.fastq.gz,Human,Environmental,RNA,2021-04-25,HTP,1
SRR18340963_R2.fastq.gz,Human,Environmental,RNA,2021-04-25,HTP,1
SRR18340961_R1.fastq.gz,Human,Environmental,RNA,2021-04-29,HTP,1
SRR18340961_R2.fastq.gz,Human,Environmental,RNA,2021-04-29,HTP,1
SRR18341076_R1.fastq.gz,Human,Environmental,RNA,2021-05-02,HTP,1
SRR18341076_R2.fastq.gz,Human,Environmental,RNA,2021-05-02,HTP,1
SRR18341134_R1.fastq.gz,Human,Environmental,RNA,2021-05-06,HTP,1
SRR18341134_R2.fastq.gz,Human,Environmental,RNA,2021-05-06,HTP,1
SRR18341133_R1.fastq.gz,Human,Environmental,RNA,2021-05-09,HTP,1
SRR18341133_R2.fastq.gz,Human,Environmental,RNA,2021-05-09,HTP,1
SRR18341081_R1.fastq.gz,Human,Environmental,RNA,2021-05-11,HTP,1
SRR18341081_R2.fastq.gz,Human,Environmental,RNA,2021-05-11,HTP,1
SRR18341079_R1.fastq.gz,Human,Environmental,RNA,2021-05-13,HTP,1
SRR18341079_R2.fastq.gz,Human,Environmental,RNA,2021-05-13,HTP,1
SRR18341078_R1.fastq.gz,Human,Environmental,RNA,2021-05-16,HTP,1
SRR18341078_R2.fastq.gz,Human,Environmental,RNA,2021-05-16,HTP,1
SRR18341077_R1.fastq.gz,Human,Environmental,RNA,2021-05-18,HTP,1
SRR18341077_R2.fastq.gz,Human,Environmental,RNA,2021-05-18,HTP,1
SRR18341075_R1.fastq.gz,Human,Environmental,RNA,2021-05-20,HTP,1
SRR18341075_R2.fastq.gz,Human,Environmental,RNA,2021-05-20,HTP,1
SRR18341073_R1.fastq.gz,Human,Environmental,RNA,2021-05-24,HTP,1
SRR18341073_R2.fastq.gz,Human,Environmental,RNA,2021-05-24,HTP,1
SRR18341072_R1.fastq.gz,Human,Environmental,RNA,2021-05-25,HTP,1
SRR18341072_R2.fastq.gz,Human,Environmental,RNA,2021-05-25,HTP,1
SRR18341071_R1.fastq.gz,Human,Environmental,RNA,2021-05-31,HTP,1
SRR18341071_R2.fastq.gz,Human,Environmental,RNA,2021-05-31,HTP,1
SRR18341132_R1.fastq.gz,Human,Environmental,RNA,2021-06-01,HTP,1
SRR18341132_R2.fastq.gz,Human,Environmental,RNA,2021-06-01,HTP,1
SRR18341125_R1.fastq.gz,Human,Environmental,RNA,2021-06-06,HTP,1
SRR18341125_R2.fastq.gz,Human,Environmental,RNA,2021-06-06,HTP,1
SRR18341130_R1.fastq.gz,Human,Environmental,RNA,2021-06-15,HTP,1
SRR18341130_R2.fastq.gz,Human,Environmental,RNA,2021-06-15,HTP,1
SRR18341129_R1.fastq.gz,Human,Environmental,RNA,2021-06-20,HTP,1
SRR18341129_R2.fastq.gz,Human,Environmental,RNA,2021-06-20,HTP,1
SRR18341128_R1.fastq.gz,Human,Environmental,RNA,2021-06-24,HTP,1
SRR18341128_R2.fastq.gz,Human,Environmental,RNA,2021-06-24,HTP,1
SRR18341127_R1.fastq.gz,Human,Environmental,RNA,2021-06-27,HTP,1
SRR18341127_R2.fastq.gz,Human,Environmental,RNA,2021-06-27,HTP,1
SRR18341123_R1.fastq.gz,Human,Environmental,RNA,2021-07-01,HTP,1
SRR18341123_R2.fastq.gz,Human,Environmental,RNA,2021-07-01,HTP,1
SRR18341118_R1.fastq.gz,Human,Environmental,RNA,2021-07-08,HTP,1
SRR18341118_R2.fastq.gz,Human,Environmental,RNA,2021-07-08,HTP,1
SRR18341122_R1.fastq.gz,Human,Environmental,RNA,2021-07-13,HTP,1
SRR18341122_R2.fastq.gz,Human,Environmental,RNA,2021-07-13,HTP,1
SRR18341121_R1.fastq.gz,Human,Environmental,RNA,2021-07-15,HTP,1
SRR18341121_R2.fastq.gz,Human,Environmental,RNA,2021-07-15,HTP,1
SRR18341120_R1.fastq.gz,Human,Environmental,RNA,2021-07-22,HTP,1
SRR18341120_R2.fastq.gz,Human,Environmental,RNA,2021-07-22,HTP,1
SRR18341119_R1.fastq.gz,Human,Environmental,RNA,2021-07-29,HTP,1
SRR18341119_R2.fastq.gz,Human,Environmental,RNA,2021-07-29,HTP,1
SRR14530761_R1.fastq.gz,Human,Environmental,RNA,2020-10-20,JW,0
SRR14530761_R2.fastq.gz,Human,Environmental,RNA,2020-10-20,JW,0
SRR14530818_R1.fastq.gz,Human,Environmental,RNA,2020-10-20,JW,1
SRR14530818_R2.fastq.gz,Human,Environmental,RNA,2020-10-20,JW,1
SRR14530760_R1.fastq.gz,Human,Environmental,RNA,2020-10-27,JW,0
SRR14530760_R2.fastq.gz,Human,Environmental,RNA,2020-10-27,JW,0
SRR14530894_R1.fastq.gz,Human,Environmental,RNA,2020-10-27,JW,1
SRR14530894_R2.fastq.gz,Human,Environmental,RNA,2020-10-27,JW,1
SRR14530756_R1.fastq.gz,Human,Environmental,RNA,2020-08-11,JWPC,0
SRR14530756_R2.fastq.gz,Human,Environmental,RNA,2020-08-11,JWPC,0
SRR14530861_R1.fastq.gz,Human,Environmental,RNA,2020-08-11,JWPC,1
SRR14530861_R2.fastq.gz,Human,Environmental,RNA,2020-08-11,JWPC,1
SRR14530755_R1.fastq.gz,Human,Environmental,RNA,2020-08-18,JWPC,0
SRR14530755_R2.fastq.gz,Human,Environmental,RNA,2020-08-18,JWPC,0
SRR14530850_R1.fastq.gz,Human,Environmental,RNA,2020-08-18,JWPC,1
SRR14530850_R2.fastq.gz,Human,Environmental,RNA,2020-08-18,JWPC,1
SRR14530754_R1.fastq.gz,Human,Environmental,RNA,2020-08-25,JWPC,0
SRR14530754_R2.fastq.gz,Human,Environmental,RNA,2020-08-25,JWPC,0
SRR14530839_R1.fastq.gz,Human,Environmental,RNA,2020-08-25,JWPC,1
SRR14530839_R2.fastq.gz,Human,Environmental,RNA,2020-08-25,JWPC,1
SRR14530753_R1.fastq.gz,Human,Environmental,RNA,2020-09-01,JWPC,0
SRR14530753_R2.fastq.gz,Human,Environmental,RNA,2020-09-01,JWPC,0
SRR14530828_R1.fastq.gz,Human,Environmental,RNA,2020-09-01,JWPC,1
SRR14530828_R2.fastq.gz,Human,Environmental,RNA,2020-09-01,JWPC,1
SRR14530752_R1.fastq.gz,Human,Environmental,RNA,2020-09-08,JWPC,0
SRR14530752_R2.fastq.gz,Human,Environmental,RNA,2020-09-08,JWPC,0
SRR14530814_R1.fastq.gz,Human,Environmental,RNA,2020-09-08,JWPC,1
SRR14530814_R2.fastq.gz,Human,Environmental,RNA,2020-09-08,JWPC,1
SRR14530751_R1.fastq.gz,Human,Environmental,RNA,2020-09-15,JWPC,0
SRR14530751_R2.fastq.gz,Human,Environmental,RNA,2020-09-15,JWPC,0
SRR14530813_R1.fastq.gz,Human,Environmental,RNA,2020-09-15,JWPC,1
SRR14530813_R2.fastq.gz,Human,Environmental,RNA,2020-09-15,JWPC,1
SRR14530750_R1.fastq.gz,Human,Environmental,RNA,2020-09-22,JWPC,0
SRR14530750_R2.fastq.gz,Human,Environmental,RNA,2020-09-22,JWPC,0
SRR14530811_R1.fastq.gz,Human,Environmental,RNA,2020-09-22,JWPC,1
SRR14530811_R2.fastq.gz,Human,Environmental,RNA,2020-09-22,JWPC,1
SRR14530837_R1.fastq.gz,Human,Environmental,RNA,2020-09-29,JWPC,1
SRR14530837_R2.fastq.gz,Human,Environmental,RNA,2020-09-29,JWPC,1
SRR14530876_R1.fastq.gz,Human,Environmental,RNA,2020-09-29,JWPC,0
SRR14530876_R2.fastq.gz,Human,Environmental,RNA,2020-09-29,JWPC,0
SRR14530759_R1.fastq.gz,Human,Environmental,RNA,2020-10-06,JWPC,0
SRR14530759_R2.fastq.gz,Human,Environmental,RNA,2020-10-06,JWPC,0
SRR14530883_R1.fastq.gz,Human,Environmental,RNA,2020-10-06,JWPC,1
SRR14530883_R2.fastq.gz,Human,Environmental,RNA,2020-10-06,JWPC,1
SRR14530758_R1.fastq.gz,Human,Environmental,RNA,2020-10-13,JWPC,0
SRR14530758_R2.fastq.gz,Human,Environmental,RNA,2020-10-13,JWPC,0
SRR14530872_R1.fastq.gz,Human,Environmental,RNA,2020-10-13,JWPC,1
SRR14530872_R2.fastq.gz,Human,Environmental,RNA,2020-10-13,JWPC,1
SRR14530838_R1.fastq.gz,Human,Environmental,RNA,2020-11-03,JWPC,1
SRR14530838_R2.fastq.gz,Human,Environmental,RNA,2020-11-03,JWPC,1
SRR14530877_R1.fastq.gz,Human,Environmental,RNA,2020-11-03,JWPC,0
SRR14530877_R2.fastq.gz,Human,Environmental,RNA,2020-11-03,JWPC,0
SRR14530841_R1.fastq.gz,Human,Environmental,RNA,2020-11-10,JWPC,1
SRR14530841_R2.fastq.gz,Human,Environmental,RNA,2020-11-10,JWPC,1
SRR14530879_R1.fastq.gz,Human,Environmental,RNA,2020-11-10,JWPC,0
SRR14530879_R2.fastq.gz,Human,Environmental,RNA,2020-11-10,JWPC,0
SRR14530840_R1.fastq.gz,Human,Environmental,RNA,2020-11-17,JWPC,1
SRR14530840_R2.fastq.gz,Human,Environmental,RNA,2020-11-17,JWPC,1
SRR14530878_R1.fastq.gz,Human,Environmental,RNA,2020-11-17,JWPC,0
SRR14530878_R2.fastq.gz,Human,Environmental,RNA,2020-11-17,JWPC,0
SRR14530747_R1.fastq.gz,Human,Environmental,RNA,2020-08-14,NC,0
SRR14530747_R2.fastq.gz,Human,Environmental,RNA,2020-08-14,NC,0
SRR14530808_R1.fastq.gz,Human,Environmental,RNA,2020-08-14,NC,1
SRR14530808_R2.fastq.gz,Human,Environmental,RNA,2020-08-14,NC,1
SRR14530745_R1.fastq.gz,Human,Environmental,RNA,2020-08-28,NC,0
SRR14530745_R2.fastq.gz,Human,Environmental,RNA,2020-08-28,NC,0
SRR14530807_R1.fastq.gz,Human,Environmental,RNA,2020-08-28,NC,1
SRR14530807_R2.fastq.gz,Human,Environmental,RNA,2020-08-28,NC,1
SRR14530744_R1.fastq.gz,Human,Environmental,RNA,2020-09-11,NC,0
SRR14530744_R2.fastq.gz,Human,Environmental,RNA,2020-09-11,NC,0
SRR14530806_R1.fastq.gz,Human,Environmental,RNA,2020-09-11,NC,1
SRR14530806_R2.fastq.gz,Human,Environmental,RNA,2020-09-11,NC,1
SRR14530874_R1.fastq.gz,Human,Environmental,RNA,2020-09-25,NC,0
SRR14530874_R2.fastq.gz,Human,Environmental,RNA,2020-09-25,NC,0
SRR14530749_R1.fastq.gz,Human,Environmental,RNA,2020-10-09,NC,0
SRR14530749_R2.fastq.gz,Human,Environmental,RNA,2020-10-09,NC,0
SRR14530810_R1.fastq.gz,Human,Environmental,RNA,2020-10-09,NC,1
SRR14530810_R2.fastq.gz,Human,Environmental,RNA,2020-10-09,NC,1
SRR14530748_R1.fastq.gz,Human,Environmental,RNA,2020-10-23,NC,0
SRR14530748_R2.fastq.gz,Human,Environmental,RNA,2020-10-23,NC,0
SRR14530809_R1.fastq.gz,Human,Environmental,RNA,2020-10-23,NC,1
SRR14530809_R2.fastq.gz,Human,Environmental,RNA,2020-10-23,NC,1
SRR14530875_R1.fastq.gz,Human,Environmental,RNA,2020-11-06,NC,0
SRR14530875_R2.fastq.gz,Human,Environmental,RNA,2020-11-06,NC,0
SRR14530742_R1.fastq.gz,Human,Environmental,RNA,2020-08-12,OC,0
SRR14530742_R2.fastq.gz,Human,Environmental,RNA,2020-08-12,OC,0
SRR14530804_R1.fastq.gz,Human,Environmental,RNA,2020-08-12,OC,1
SRR14530804_R2.fastq.gz,Human,Environmental,RNA,2020-08-12,OC,1
SRR14530741_R1.fastq.gz,Human,Environmental,RNA,2020-08-19,OC,0
SRR14530741_R2.fastq.gz,Human,Environmental,RNA,2020-08-19,OC,0
SRR14530803_R1.fastq.gz,Human,Environmental,RNA,2020-08-19,OC,1
SRR14530803_R2.fastq.gz,Human,Environmental,RNA,2020-08-19,OC,1
SRR14530740_R1.fastq.gz,Human,Environmental,RNA,2020-08-26,OC,0
SRR14530740_R2.fastq.gz,Human,Environmental,RNA,2020-08-26,OC,0
SRR14530802_R1.fastq.gz,Human,Environmental,RNA,2020-08-26,OC,1
SRR14530802_R2.fastq.gz,Human,Environmental,RNA,2020-08-26,OC,1
SRR14530739_R1.fastq.gz,Human,Environmental,RNA,2020-09-02,OC,0
SRR14530739_R2.fastq.gz,Human,Environmental,RNA,2020-09-02,OC,0
SRR14530800_R1.fastq.gz,Human,Environmental,RNA,2020-09-02,OC,1
SRR14530800_R2.fastq.gz,Human,Environmental,RNA,2020-09-02,OC,1
SRR14530738_R1.fastq.gz,Human,Environmental,RNA,2020-09-03,OC,0
SRR14530738_R2.fastq.gz,Human,Environmental,RNA,2020-09-03,OC,0
SRR14530799_R1.fastq.gz,Human,Environmental,RNA,2020-09-03,OC,1
SRR14530799_R2.fastq.gz,Human,Environmental,RNA,2020-09-03,OC,1
SRR14530737_R1.fastq.gz,Human,Environmental,RNA,2020-09-16,OC,0
SRR14530737_R2.fastq.gz,Human,Environmental,RNA,2020-09-16,OC,0
SRR14530798_R1.fastq.gz,Human,Environmental,RNA,2020-09-16,OC,1
SRR14530798_R2.fastq.gz,Human,Environmental,RNA,2020-09-16,OC,1
SRR14530736_R1.fastq.gz,Human,Environmental,RNA,2020-09-23,OC,0
SRR14530736_R2.fastq.gz,Human,Environmental,RNA,2020-09-23,OC,0
SRR14530797_R1.fastq.gz,Human,Environmental,RNA,2020-09-23,OC,1
SRR14530797_R2.fastq.gz,Human,Environmental,RNA,2020-09-23,OC,1
SRR14530734_R1.fastq.gz,Human,Environmental,RNA,2020-09-30,OC,0
SRR14530734_R2.fastq.gz,Human,Environmental,RNA,2020-09-30,OC,0
SRR14530796_R1.fastq.gz,Human,Environmental,RNA,2020-09-30,OC,1
SRR14530796_R2.fastq.gz,Human,Environmental,RNA,2020-09-30,OC,1
SRR14530743_R1.fastq.gz,Human,Environmental,RNA,2020-10-07,OC,0
SRR14530743_R2.fastq.gz,Human,Environmental,RNA,2020-10-07,OC,0
SRR14530805_R1.fastq.gz,Human,Environmental,RNA,2020-10-07,OC,1
SRR14530805_R2.fastq.gz,Human,Environmental,RNA,2020-10-07,OC,1
SRR21452135_R1.fastq.gz,Human,Environmental,RNA,2020-10-21,OC,0
SRR21452135_R2.fastq.gz,Human,Environmental,RNA,2020-10-21,OC,0
SRR14530835_R1.fastq.gz,Human,Environmental,RNA,2020-11-04,OC,1
SRR14530835_R2.fastq.gz,Human,Environmental,RNA,2020-11-04,OC,1
SRR14530869_R1.fastq.gz,Human,Environmental,RNA,2020-11-04,OC,0
SRR14530869_R2.fastq.gz,Human,Environmental,RNA,2020-11-04,OC,0
SRR14530868_R1.fastq.gz,Human,Environmental,RNA,2020-11-09,OC,0
SRR14530868_R2.fastq.gz,Human,Environmental,RNA,2020-11-09,OC,0
SRR14530836_R1.fastq.gz,Human,Environmental,RNA,2020-11-11,OC,1
SRR14530836_R2.fastq.gz,Human,Environmental,RNA,2020-11-11,OC,1
SRR14530873_R1.fastq.gz,Human,Environmental,RNA,2020-11-11,OC,0
SRR14530873_R2.fastq.gz,Human,Environmental,RNA,2020-11-11,OC,0
SRR14530871_R1.fastq.gz,Human,Environmental,RNA,2020-11-18,OC,0
SRR14530871_R2.fastq.gz,Human,Environmental,RNA,2020-11-18,OC,0
SRR14530870_R1.fastq.gz,Human,Environmental,RNA,2020-11-25,OC,0
SRR14530870_R2.fastq.gz,Human,Environmental,RNA,2020-11-25,OC,0
SRR14530834_R1.fastq.gz,Human,Environmental,RNA,2020-12-14,OC,1
SRR14530834_R2.fastq.gz,Human,Environmental,RNA,2020-12-14,OC,1
SRR14530867_R1.fastq.gz,Human,Environmental,RNA,2020-12-14,OC,0
SRR14530867_R2.fastq.gz,Human,Environmental,RNA,2020-12-14,OC,0
SRR14530833_R1.fastq.gz,Human,Environmental,RNA,2020-12-21,OC,1
SRR14530833_R2.fastq.gz,Human,Environmental,RNA,2020-12-21,OC,1
SRR14530866_R1.fastq.gz,Human,Environmental,RNA,2020-12-21,OC,0
SRR14530866_R2.fastq.gz,Human,Environmental,RNA,2020-12-21,OC,0
SRR14530732_R1.fastq.gz,Human,Environmental,RNA,2020-08-13,PL,0
SRR14530732_R2.fastq.gz,Human,Environmental,RNA,2020-08-13,PL,0
SRR14530794_R1.fastq.gz,Human,Environmental,RNA,2020-08-13,PL,1
SRR14530794_R2.fastq.gz,Human,Environmental,RNA,2020-08-13,PL,1
SRR14530731_R1.fastq.gz,Human,Environmental,RNA,2020-08-27,PL,0
SRR14530731_R2.fastq.gz,Human,Environmental,RNA,2020-08-27,PL,0
SRR14530793_R1.fastq.gz,Human,Environmental,RNA,2020-08-27,PL,1
SRR14530793_R2.fastq.gz,Human,Environmental,RNA,2020-08-27,PL,1
SRR14530730_R1.fastq.gz,Human,Environmental,RNA,2020-09-10,PL,0
SRR14530730_R2.fastq.gz,Human,Environmental,RNA,2020-09-10,PL,0
SRR14530792_R1.fastq.gz,Human,Environmental,RNA,2020-09-10,PL,1
SRR14530792_R2.fastq.gz,Human,Environmental,RNA,2020-09-10,PL,1
SRR14530729_R1.fastq.gz,Human,Environmental,RNA,2020-09-24,PL,0
SRR14530729_R2.fastq.gz,Human,Environmental,RNA,2020-09-24,PL,0
SRR14530791_R1.fastq.gz,Human,Environmental,RNA,2020-09-24,PL,1
SRR14530791_R2.fastq.gz,Human,Environmental,RNA,2020-09-24,PL,1
SRR14530733_R1.fastq.gz,Human,Environmental,RNA,2020-10-22,PL,0
SRR14530733_R2.fastq.gz,Human,Environmental,RNA,2020-10-22,PL,0
SRR14530795_R1.fastq.gz,Human,Environmental,RNA,2020-10-22,PL,1
SRR14530795_R2.fastq.gz,Human,Environmental,RNA,2020-10-22,PL,1
SRR14530827_R1.fastq.gz,Human,Environmental,RNA,2020-11-05,PL,1
SRR14530827_R2.fastq.gz,Human,Environmental,RNA,2020-11-05,PL,1
SRR14530860_R1.fastq.gz,Human,Environmental,RNA,2020-11-05,PL,0
SRR14530860_R2.fastq.gz,Human,Environmental,RNA,2020-11-05,PL,0
SRR14530830_R1.fastq.gz,Human,Environmental,RNA,2020-11-29,PL,1
SRR14530830_R2.fastq.gz,Human,Environmental,RNA,2020-11-29,PL,1
SRR14530863_R1.fastq.gz,Human,Environmental,RNA,2020-11-29,PL,0
SRR14530863_R2.fastq.gz,Human,Environmental,RNA,2020-11-29,PL,0
SRR14530829_R1.fastq.gz,Human,Environmental,RNA,2020-11-30,PL,1
SRR14530829_R2.fastq.gz,Human,Environmental,RNA,2020-11-30,PL,1
SRR14530862_R1.fastq.gz,Human,Environmental,RNA,2020-11-30,PL,0
SRR14530862_R2.fastq.gz,Human,Environmental,RNA,2020-11-30,PL,0
SRR14530826_R1.fastq.gz,Human,Environmental,RNA,2020-12-14,PL,1
SRR14530826_R2.fastq.gz,Human,Environmental,RNA,2020-12-14,PL,1
SRR14530859_R1.fastq.gz,Human,Environmental,RNA,2020-12-14,PL,0
SRR14530859_R2.fastq.gz,Human,Environmental,RNA,2020-12-14,PL,0
SRR14530825_R1.fastq.gz,Human,Environmental,RNA,2020-12-22,PL,1
SRR14530825_R2.fastq.gz,Human,Environmental,RNA,2020-12-22,PL,1
SRR14530858_R1.fastq.gz,Human,Environmental,RNA,2020-12-22,PL,0
SRR14530858_R2.fastq.gz,Human,Environmental,RNA,2020-12-22,PL,0
SRR14530824_R1.fastq.gz,Human,Environmental,RNA,2020-12-28,PL,1
SRR14530824_R2.fastq.gz,Human,Environmental,RNA,2020-12-28,PL,1
SRR14530857_R1.fastq.gz,Human,Environmental,RNA,2020-12-28,PL,0
SRR14530857_R2.fastq.gz,Human,Environmental,RNA,2020-12-28,PL,0
SRR14530832_R1.fastq.gz,Human,Environmental,RNA,2021-01-03,PL,1
SRR14530832_R2.fastq.gz,Human,Environmental,RNA,2021-01-03,PL,1
SRR14530865_R1.fastq.gz,Human,Environmental,RNA,2021-01-03,PL,0
SRR14530865_R2.fastq.gz,Human,Environmental,RNA,2021-01-03,PL,0
SRR14530831_R1.fastq.gz,Human,Environmental,RNA,2021-01-04,PL,1
SRR14530831_R2.fastq.gz,Human,Environmental,RNA,2021-01-04,PL,1
SRR14530864_R1.fastq.gz,Human,Environmental,RNA,2021-01-04,PL,0
SRR14530864_R2.fastq.gz,Human,Environmental,RNA,2021-01-04,PL,0
SRR18341066_R1.fastq.gz,Human,Environmental,RNA,2021-01-06,PL,1
SRR18341066_R2.fastq.gz,Human,Environmental,RNA,2021-01-06,PL,1
SRR18341117_R1.fastq.gz,Human,Environmental,RNA,2021-01-12,PL,1
SRR18341117_R2.fastq.gz,Human,Environmental,RNA,2021-01-12,PL,1
SRR18341116_R1.fastq.gz,Human,Environmental,RNA,2021-01-13,PL,1
SRR18341116_R2.fastq.gz,Human,Environmental,RNA,2021-01-13,PL,1
SRR18341114_R1.fastq.gz,Human,Environmental,RNA,2021-01-17,PL,1
SRR18341114_R2.fastq.gz,Human,Environmental,RNA,2021-01-17,PL,1
SRR18341111_R1.fastq.gz,Human,Environmental,RNA,2021-01-20,PL,1
SRR18341111_R2.fastq.gz,Human,Environmental,RNA,2021-01-20,PL,1
SRR18341110_R1.fastq.gz,Human,Environmental,RNA,2021-01-24,PL,1
SRR18341110_R2.fastq.gz,Human,Environmental,RNA,2021-01-24,PL,1
SRR18341068_R1.fastq.gz,Human,Environmental,RNA,2021-01-27,PL,1
SRR18341068_R2.fastq.gz,Human,Environmental,RNA,2021-01-27,PL,1
SRR18341067_R1.fastq.gz,Human,Environmental,RNA,2021-01-31,PL,1
SRR18341067_R2.fastq.gz,Human,Environmental,RNA,2021-01-31,PL,1
SRR18341055_R1.fastq.gz,Human,Environmental,RNA,2021-02-07,PL,1
SRR18341055_R2.fastq.gz,Human,Environmental,RNA,2021-02-07,PL,1
SRR18341054_R1.fastq.gz,Human,Environmental,RNA,2021-02-08,PL,1
SRR18341054_R2.fastq.gz,Human,Environmental,RNA,2021-02-08,PL,1
SRR18341064_R1.fastq.gz,Human,Environmental,RNA,2021-02-10,PL,1
SRR18341064_R2.fastq.gz,Human,Environmental,RNA,2021-02-10,PL,1
SRR18341063_R1.fastq.gz,Human,Environmental,RNA,2021-02-14,PL,1
SRR18341063_R2.fastq.gz,Human,Environmental,RNA,2021-02-14,PL,1
SRR18341061_R1.fastq.gz,Human,Environmental,RNA,2021-02-15,PL,1
SRR18341061_R2.fastq.gz,Human,Environmental,RNA,2021-02-15,PL,1
SRR18341060_R1.fastq.gz,Human,Environmental,RNA,2021-02-17,PL,1
SRR18341060_R2.fastq.gz,Human,Environmental,RNA,2021-02-17,PL,1
SRR18341059_R1.fastq.gz,Human,Environmental,RNA,2021-02-21,PL,1
SRR18341059_R2.fastq.gz,Human,Environmental,RNA,2021-02-21,PL,1
SRR18341058_R1.fastq.gz,Human,Environmental,RNA,2021-02-22,PL,1
SRR18341058_R2.fastq.gz,Human,Environmental,RNA,2021-02-22,PL,1
SRR18341053_R1.fastq.gz,Human,Environmental,RNA,2021-03-01,PL,1
SRR18341053_R2.fastq.gz,Human,Environmental,RNA,2021-03-01,PL,1
SRR18341042_R1.fastq.gz,Human,Environmental,RNA,2021-03-03,PL,1
SRR18341042_R2.fastq.gz,Human,Environmental,RNA,2021-03-03,PL,1
SRR18341107_R1.fastq.gz,Human,Environmental,RNA,2021-03-07,PL,1
SRR18341107_R2.fastq.gz,Human,Environmental,RNA,2021-03-07,PL,1
SRR18341106_R1.fastq.gz,Human,Environmental,RNA,2021-03-08,PL,1
SRR18341106_R2.fastq.gz,Human,Environmental,RNA,2021-03-08,PL,1
SRR18341052_R1.fastq.gz,Human,Environmental,RNA,2021-03-10,PL,1
SRR18341052_R2.fastq.gz,Human,Environmental,RNA,2021-03-10,PL,1
SRR18341050_R1.fastq.gz,Human,Environmental,RNA,2021-03-14,PL,1
SRR18341050_R2.fastq.gz,Human,Environmental,RNA,2021-03-14,PL,1
SRR18341049_R1.fastq.gz,Human,Environmental,RNA,2021-03-15,PL,1
SRR18341049_R2.fastq.gz,Human,Environmental,RNA,2021-03-15,PL,1
SRR18341048_R1.fastq.gz,Human,Environmental,RNA,2021-03-18,PL,1
SRR18341048_R2.fastq.gz,Human,Environmental,RNA,2021-03-18,PL,1
SRR18341047_R1.fastq.gz,Human,Environmental,RNA,2021-03-21,PL,1
SRR18341047_R2.fastq.gz,Human,Environmental,RNA,2021-03-21,PL,1
SRR18341045_R1.fastq.gz,Human,Environmental,RNA,2021-03-24,PL,1
SRR18341045_R2.fastq.gz,Human,Environmental,RNA,2021-03-24,PL,1
SRR18341044_R1.fastq.gz,Human,Environmental,RNA,2021-03-28,PL,1
SRR18341044_R2.fastq.gz,Human,Environmental,RNA,2021-03-28,PL,1
SRR18341043_R1.fastq.gz,Human,Environmental,RNA,2021-03-29,PL,1
SRR18341043_R2.fastq.gz,Human,Environmental,RNA,2021-03-29,PL,1
SRR18341109_R1.fastq.gz,Human,Environmental,RNA,2021-03-31,PL,1
SRR18341109_R2.fastq.gz,Human,Environmental,RNA,2021-03-31,PL,1
SRR18341100_R1.fastq.gz,Human,Environmental,RNA,2021-04-04,PL,1
SRR18341100_R2.fastq.gz,Human,Environmental,RNA,2021-04-04,PL,1
SRR18341099_R1.fastq.gz,Human,Environmental,RNA,2021-04-05,PL,1
SRR18341099_R2.fastq.gz,Human,Environmental,RNA,2021-04-05,PL,1
SRR18341098_R1.fastq.gz,Human,Environmental,RNA,2021-04-07,PL,1
SRR18341098_R2.fastq.gz,Human,Environmental,RNA,2021-04-07,PL,1
SRR18341105_R1.fastq.gz,Human,Environmental,RNA,2021-04-14,PL,1
SRR18341105_R2.fastq.gz,Human,Environmental,RNA,2021-04-14,PL,1
SRR18341103_R1.fastq.gz,Human,Environmental,RNA,2021-04-25,PL,1
SRR18341103_R2.fastq.gz,Human,Environmental,RNA,2021-04-25,PL,1
SRR18341102_R1.fastq.gz,Human,Environmental,RNA,2021-04-26,PL,1
SRR18341102_R2.fastq.gz,Human,Environmental,RNA,2021-04-26,PL,1
SRR18341101_R1.fastq.gz,Human,Environmental,RNA,2021-04-28,PL,1
SRR18341101_R2.fastq.gz,Human,Environmental,RNA,2021-04-28,PL,1
SRR18341092_R1.fastq.gz,Human,Environmental,RNA,2021-05-03,PL,1
SRR18341092_R2.fastq.gz,Human,Environmental,RNA,2021-05-03,PL,1
SRR18341090_R1.fastq.gz,Human,Environmental,RNA,2021-05-04,PL,1
SRR18341090_R2.fastq.gz,Human,Environmental,RNA,2021-05-04,PL,1
SRR18341089_R1.fastq.gz,Human,Environmental,RNA,2021-05-05,PL,1
SRR18341089_R2.fastq.gz,Human,Environmental,RNA,2021-05-05,PL,1
SRR18341088_R1.fastq.gz,Human,Environmental,RNA,2021-05-09,PL,1
SRR18341088_R2.fastq.gz,Human,Environmental,RNA,2021-05-09,PL,1
SRR18341096_R1.fastq.gz,Human,Environmental,RNA,2021-05-10,PL,1
SRR18341096_R2.fastq.gz,Human,Environmental,RNA,2021-05-10,PL,1
SRR18341094_R1.fastq.gz,Human,Environmental,RNA,2021-05-17,PL,1
SRR18341094_R2.fastq.gz,Human,Environmental,RNA,2021-05-17,PL,1
SRR18341093_R1.fastq.gz,Human,Environmental,RNA,2021-05-24,PL,1
SRR18341093_R2.fastq.gz,Human,Environmental,RNA,2021-05-24,PL,1
SRR18341091_R1.fastq.gz,Human,Environmental,RNA,2021-05-31,PL,1
SRR18341091_R2.fastq.gz,Human,Environmental,RNA,2021-05-31,PL,1
SRR18341085_R1.fastq.gz,Human,Environmental,RNA,2021-06-02,PL,1
SRR18341085_R2.fastq.gz,Human,Environmental,RNA,2021-06-02,PL,1
SRR18341082_R1.fastq.gz,Human,Environmental,RNA,2021-06-07,PL,1
SRR18341082_R2.fastq.gz,Human,Environmental,RNA,2021-06-07,PL,1
SRR18341087_R1.fastq.gz,Human,Environmental,RNA,2021-06-14,PL,1
SRR18341087_R2.fastq.gz,Human,Environmental,RNA,2021-06-14,PL,1
SRR18341084_R1.fastq.gz,Human,Environmental,RNA,2021-06-21,PL,1
SRR18341084_R2.fastq.gz,Human,Environmental,RNA,2021-06-21,PL,1
SRR18341083_R1.fastq.gz,Human,Environmental,RNA,2021-06-28,PL,1
SRR18341083_R2.fastq.gz,Human,Environmental,RNA,2021-06-28,PL,1
SRR18341009_R1.fastq.gz,Human,Environmental,RNA,2021-07-05,PL,1
SRR18341009_R2.fastq.gz,Human,Environmental,RNA,2021-07-05,PL,1
SRR18341012_R1.fastq.gz,Human,Environmental,RNA,2021-07-19,PL,1
SRR18341012_R2.fastq.gz,Human,Environmental,RNA,2021-07-19,PL,1
SRR18341011_R1.fastq.gz,Human,Environmental,RNA,2021-07-25,PL,1
SRR18341011_R2.fastq.gz,Human,Environmental,RNA,2021-07-25,PL,1
SRR18341010_R1.fastq.gz,Human,Environmental,RNA,2021-07-29,PL,1
SRR18341010_R2.fastq.gz,Human,Environmental,RNA,2021-07-29,PL,1
SRR18341008_R1.fastq.gz,Human,Environmental,RNA,2021-08-03,PL,1
SRR18341008_R2.fastq.gz,Human,Environmental,RNA,2021-08-03,PL,1
SRR14530727_R1.fastq.gz,Human,Environmental,RNA,2020-08-13,SB,0
SRR14530727_R2.fastq.gz,Human,Environmental,RNA,2020-08-13,SB,0
SRR14530788_R1.fastq.gz,Human,Environmental,RNA,2020-08-13,SB,1
SRR14530788_R2.fastq.gz,Human,Environmental,RNA,2020-08-13,SB,1
SRR14530726_R1.fastq.gz,Human,Environmental,RNA,2020-08-27,SB,0
SRR14530726_R2.fastq.gz,Human,Environmental,RNA,2020-08-27,SB,0
SRR14530787_R1.fastq.gz,Human,Environmental,RNA,2020-08-27,SB,1
SRR14530787_R2.fastq.gz,Human,Environmental,RNA,2020-08-27,SB,1
SRR14530724_R1.fastq.gz,Human,Environmental,RNA,2020-09-10,SB,0
SRR14530724_R2.fastq.gz,Human,Environmental,RNA,2020-09-10,SB,0
SRR14530786_R1.fastq.gz,Human,Environmental,RNA,2020-09-10,SB,1
SRR14530786_R2.fastq.gz,Human,Environmental,RNA,2020-09-10,SB,1
SRR14530725_R1.fastq.gz,Human,Environmental,RNA,2020-09-24,SB,0
SRR14530725_R2.fastq.gz,Human,Environmental,RNA,2020-09-24,SB,0
SRR14530785_R1.fastq.gz,Human,Environmental,RNA,2020-09-24,SB,1
SRR14530785_R2.fastq.gz,Human,Environmental,RNA,2020-09-24,SB,1
SRR14530823_R1.fastq.gz,Human,Environmental,RNA,2020-10-08,SB,1
SRR14530823_R2.fastq.gz,Human,Environmental,RNA,2020-10-08,SB,1
SRR14530856_R1.fastq.gz,Human,Environmental,RNA,2020-10-08,SB,0
SRR14530856_R2.fastq.gz,Human,Environmental,RNA,2020-10-08,SB,0
SRR14530728_R1.fastq.gz,Human,Environmental,RNA,2020-10-22,SB,0
SRR14530728_R2.fastq.gz,Human,Environmental,RNA,2020-10-22,SB,0
SRR14530789_R1.fastq.gz,Human,Environmental,RNA,2020-10-22,SB,1
SRR14530789_R2.fastq.gz,Human,Environmental,RNA,2020-10-22,SB,1
SRR14530822_R1.fastq.gz,Human,Environmental,RNA,2020-11-05,SB,1
SRR14530822_R2.fastq.gz,Human,Environmental,RNA,2020-11-05,SB,1
SRR14530855_R1.fastq.gz,Human,Environmental,RNA,2020-11-05,SB,0
SRR14530855_R2.fastq.gz,Human,Environmental,RNA,2020-11-05,SB,0
SRR14530780_R1.fastq.gz,Human,Environmental,RNA,2020-08-12,SJ,1
SRR14530780_R2.fastq.gz,Human,Environmental,RNA,2020-08-12,SJ,1
SRR14530899_R1.fastq.gz,Human,Environmental,RNA,2020-08-12,SJ,0
SRR14530899_R2.fastq.gz,Human,Environmental,RNA,2020-08-12,SJ,0
SRR14530778_R1.fastq.gz,Human,Environmental,RNA,2020-08-19,SJ,1
SRR14530778_R2.fastq.gz,Human,Environmental,RNA,2020-08-19,SJ,1
SRR14530898_R1.fastq.gz,Human,Environmental,RNA,2020-08-19,SJ,0
SRR14530898_R2.fastq.gz,Human,Environmental,RNA,2020-08-19,SJ,0
SRR14530777_R1.fastq.gz,Human,Environmental,RNA,2020-08-26,SJ,1
SRR14530777_R2.fastq.gz,Human,Environmental,RNA,2020-08-26,SJ,1
SRR14530897_R1.fastq.gz,Human,Environmental,RNA,2020-08-26,SJ,0
SRR14530897_R2.fastq.gz,Human,Environmental,RNA,2020-08-26,SJ,0
SRR14530776_R1.fastq.gz,Human,Environmental,RNA,2020-09-02,SJ,1
SRR14530776_R2.fastq.gz,Human,Environmental,RNA,2020-09-02,SJ,1
SRR14530896_R1.fastq.gz,Human,Environmental,RNA,2020-09-02,SJ,0
SRR14530896_R2.fastq.gz,Human,Environmental,RNA,2020-09-02,SJ,0
SRR14530775_R1.fastq.gz,Human,Environmental,RNA,2020-09-09,SJ,1
SRR14530775_R2.fastq.gz,Human,Environmental,RNA,2020-09-09,SJ,1
SRR14530895_R1.fastq.gz,Human,Environmental,RNA,2020-09-09,SJ,0
SRR14530895_R2.fastq.gz,Human,Environmental,RNA,2020-09-09,SJ,0
SRR14530774_R1.fastq.gz,Human,Environmental,RNA,2020-09-16,SJ,1
SRR14530774_R2.fastq.gz,Human,Environmental,RNA,2020-09-16,SJ,1
SRR14530893_R1.fastq.gz,Human,Environmental,RNA,2020-09-16,SJ,0
SRR14530893_R2.fastq.gz,Human,Environmental,RNA,2020-09-16,SJ,0
SRR14530815_R1.fastq.gz,Human,Environmental,RNA,2020-09-23,SJ,1
SRR14530815_R2.fastq.gz,Human,Environmental,RNA,2020-09-23,SJ,1
SRR14530851_R1.fastq.gz,Human,Environmental,RNA,2020-09-23,SJ,0
SRR14530851_R2.fastq.gz,Human,Environmental,RNA,2020-09-23,SJ,0
SRR14530773_R1.fastq.gz,Human,Environmental,RNA,2020-09-30,SJ,1
SRR14530773_R2.fastq.gz,Human,Environmental,RNA,2020-09-30,SJ,1
SRR14530892_R1.fastq.gz,Human,Environmental,RNA,2020-09-30,SJ,0
SRR14530892_R2.fastq.gz,Human,Environmental,RNA,2020-09-30,SJ,0
SRR14530784_R1.fastq.gz,Human,Environmental,RNA,2020-10-07,SJ,1
SRR14530784_R2.fastq.gz,Human,Environmental,RNA,2020-10-07,SJ,1
SRR14530903_R1.fastq.gz,Human,Environmental,RNA,2020-10-07,SJ,0
SRR14530903_R2.fastq.gz,Human,Environmental,RNA,2020-10-07,SJ,0
SRR14530783_R1.fastq.gz,Human,Environmental,RNA,2020-10-14,SJ,1
SRR14530783_R2.fastq.gz,Human,Environmental,RNA,2020-10-14,SJ,1
SRR14530902_R1.fastq.gz,Human,Environmental,RNA,2020-10-14,SJ,0
SRR14530902_R2.fastq.gz,Human,Environmental,RNA,2020-10-14,SJ,0
SRR14530782_R1.fastq.gz,Human,Environmental,RNA,2020-10-21,SJ,1
SRR14530782_R2.fastq.gz,Human,Environmental,RNA,2020-10-21,SJ,1
SRR14530901_R1.fastq.gz,Human,Environmental,RNA,2020-10-21,SJ,0
SRR14530901_R2.fastq.gz,Human,Environmental,RNA,2020-10-21,SJ,0
SRR14530781_R1.fastq.gz,Human,Environmental,RNA,2020-10-28,SJ,1
SRR14530781_R2.fastq.gz,Human,Environmental,RNA,2020-10-28,SJ,1
SRR14530900_R1.fastq.gz,Human,Environmental,RNA,2020-10-28,SJ,0
SRR14530900_R2.fastq.gz,Human,Environmental,RNA,2020-10-28,SJ,0
SRR14530816_R1.fastq.gz,Human,Environmental,RNA,2020-11-04,SJ,1
SRR14530816_R2.fastq.gz,Human,Environmental,RNA,2020-11-04,SJ,1
SRR14530852_R1.fastq.gz,Human,Environmental,RNA,2020-11-04,SJ,0
SRR14530852_R2.fastq.gz,Human,Environmental,RNA,2020-11-04,SJ,0
SRR14530821_R1.fastq.gz,Human,Environmental,RNA,2020-11-11,SJ,1
SRR14530821_R2.fastq.gz,Human,Environmental,RNA,2020-11-11,SJ,1
SRR14530854_R1.fastq.gz,Human,Environmental,RNA,2020-11-11,SJ,0
SRR14530854_R2.fastq.gz,Human,Environmental,RNA,2020-11-11,SJ,0
SRR14530817_R1.fastq.gz,Human,Environmental,RNA,2020-11-18,SJ,1
SRR14530817_R2.fastq.gz,Human,Environmental,RNA,2020-11-18,SJ,1
SRR14530853_R1.fastq.gz,Human,Environmental,RNA,2020-11-18,SJ,0
SRR14530853_R2.fastq.gz,Human,Environmental,RNA,2020-11-18,SJ,0