filename	date	fastq_ftp	plant	is_enriched
SRR21452137_1.fastq.gz	2020-07-20	ftp.sra.ebi.ac.uk/vol1/fastq/SRR214/037/SRR21452137/SRR21452137_1.fastq.gz	ESC	0
SRR21452137_2.fastq.gz	2020-07-20	ftp.sra.ebi.ac.uk/vol1/fastq/SRR214/037/SRR21452137/SRR21452137_2.fastq.gz	ESC	0
SRR21452136_1.fastq.gz	2020-07-27	ftp.sra.ebi.ac.uk/vol1/fastq/SRR214/036/SRR21452136/SRR21452136_1.fastq.gz	ESC	0
SRR21452136_2.fastq.gz	2020-07-27	ftp.sra.ebi.ac.uk/vol1/fastq/SRR214/036/SRR21452136/SRR21452136_2.fastq.gz	ESC	0
SRR18341038_1.fastq.gz	2020-08-03	ftp.sra.ebi.ac.uk/vol1/fastq/SRR183/038/SRR18341038/SRR18341038_1.fastq.gz	ESC	1
SRR18341038_2.fastq.gz	2020-08-03	ftp.sra.ebi.ac.uk/vol1/fastq/SRR183/038/SRR18341038/SRR18341038_2.fastq.gz	ESC	1
SRR18340986_1.fastq.gz	2020-08-10	ftp.sra.ebi.ac.uk/vol1/fastq/SRR183/086/SRR18340986/SRR18340986_1.fastq.gz	ESC	1
SRR18340986_2.fastq.gz	2020-08-10	ftp.sra.ebi.ac.uk/vol1/fastq/SRR183/086/SRR18340986/SRR18340986_2.fastq.gz	ESC	1
SRR18341041_1.fastq.gz	2020-08-17	ftp.sra.ebi.ac.uk/vol1/fastq/SRR183/041/SRR18341041/SRR18341041_1.fastq.gz	ESC	1
SRR18341041_2.fastq.gz	2020-08-17	ftp.sra.ebi.ac.uk/vol1/fastq/SRR183/041/SRR18341041/SRR18341041_2.fastq.gz	ESC	1
SRR18341040_1.fastq.gz	2020-08-24	ftp.sra.ebi.ac.uk/vol1/fastq/SRR183/040/SRR18341040/SRR18341040_1.fastq.gz	ESC	1
SRR18341040_2.fastq.gz	2020-08-24	ftp.sra.ebi.ac.uk/vol1/fastq/SRR183/040/SRR18341040/SRR18341040_2.fastq.gz	ESC	1
SRR18341037_1.fastq.gz	2020-08-31	ftp.sra.ebi.ac.uk/vol1/fastq/SRR183/037/SRR18341037/SRR18341037_1.fastq.gz	ESC	1
SRR18341037_2.fastq.gz	2020-08-31	ftp.sra.ebi.ac.uk/vol1/fastq/SRR183/037/SRR18341037/SRR18341037_2.fastq.gz	ESC	1
SRR18341034_1.fastq.gz	2020-09-07	ftp.sra.ebi.ac.uk/vol1/fastq/SRR183/034/SRR18341034/SRR18341034_1.fastq.gz	ESC	1
SRR18341034_2.fastq.gz	2020-09-07	ftp.sra.ebi.ac.uk/vol1/fastq/SRR183/034/SRR18341034/SRR18341034_2.fastq.gz	ESC	1
SRR18341036_1.fastq.gz	2020-09-14	ftp.sra.ebi.ac.uk/vol1/fastq/SRR183/036/SRR18341036/SRR18341036_1.fastq.gz	ESC	1
SRR18341036_2.fastq.gz	2020-09-14	ftp.sra.ebi.ac.uk/vol1/fastq/SRR183/036/SRR18341036/SRR18341036_2.fastq.gz	ESC	1
SRR18341035_1.fastq.gz	2020-09-21	ftp.sra.ebi.ac.uk/vol1/fastq/SRR183/035/SRR18341035/SRR18341035_1.fastq.gz	ESC	1
SRR18341035_2.fastq.gz	2020-09-21	ftp.sra.ebi.ac.uk/vol1/fastq/SRR183/035/SRR18341035/SRR18341035_2.fastq.gz	ESC	1
SRR18340978_1.fastq.gz	2020-10-05	ftp.sra.ebi.ac.uk/vol1/fastq/SRR183/078/SRR18340978/SRR18340978_1.fastq.gz	ESC	1
SRR18340978_2.fastq.gz	2020-10-05	ftp.sra.ebi.ac.uk/vol1/fastq/SRR183/078/SRR18340978/SRR18340978_2.fastq.gz	ESC	1
SRR18341039_1.fastq.gz	2020-10-12	ftp.sra.ebi.ac.uk/vol1/fastq/SRR183/039/SRR18341039/SRR18341039_1.fastq.gz	ESC	1
SRR18341039_2.fastq.gz	2020-10-12	ftp.sra.ebi.ac.uk/vol1/fastq/SRR183/039/SRR18341039/SRR18341039_2.fastq.gz	ESC	1
SRR18341028_1.fastq.gz	2020-10-19	ftp.sra.ebi.ac.uk/vol1/fastq/SRR183/028/SRR18341028/SRR18341028_1.fastq.gz	ESC	1
SRR18341028_2.fastq.gz	2020-10-19	ftp.sra.ebi.ac.uk/vol1/fastq/SRR183/028/SRR18341028/SRR18341028_2.fastq.gz	ESC	1
SRR18341017_1.fastq.gz	2020-10-26	ftp.sra.ebi.ac.uk/vol1/fastq/SRR183/017/SRR18341017/SRR18341017_1.fastq.gz	ESC	1
SRR18341017_2.fastq.gz	2020-10-26	ftp.sra.ebi.ac.uk/vol1/fastq/SRR183/017/SRR18341017/SRR18341017_2.fastq.gz	ESC	1
SRR18341080_1.fastq.gz	2020-11-02	ftp.sra.ebi.ac.uk/vol1/fastq/SRR183/080/SRR18341080/SRR18341080_1.fastq.gz	ESC	1
SRR18341080_2.fastq.gz	2020-11-02	ftp.sra.ebi.ac.uk/vol1/fastq/SRR183/080/SRR18341080/SRR18341080_2.fastq.gz	ESC	1
SRR18340967_1.fastq.gz	2020-11-16	ftp.sra.ebi.ac.uk/vol1/fastq/SRR183/067/SRR18340967/SRR18340967_1.fastq.gz	ESC	1
SRR18340967_2.fastq.gz	2020-11-16	ftp.sra.ebi.ac.uk/vol1/fastq/SRR183/067/SRR18340967/SRR18340967_2.fastq.gz	ESC	1
SRR18341135_1.fastq.gz	2020-11-23	ftp.sra.ebi.ac.uk/vol1/fastq/SRR183/035/SRR18341135/SRR18341135_1.fastq.gz	ESC	1
SRR18341135_2.fastq.gz	2020-11-23	ftp.sra.ebi.ac.uk/vol1/fastq/SRR183/035/SRR18341135/SRR18341135_2.fastq.gz	ESC	1
SRR18341124_1.fastq.gz	2020-11-30	ftp.sra.ebi.ac.uk/vol1/fastq/SRR183/024/SRR18341124/SRR18341124_1.fastq.gz	ESC	1
SRR18341124_2.fastq.gz	2020-11-30	ftp.sra.ebi.ac.uk/vol1/fastq/SRR183/024/SRR18341124/SRR18341124_2.fastq.gz	ESC	1
SRR18341108_1.fastq.gz	2020-12-07	ftp.sra.ebi.ac.uk/vol1/fastq/SRR183/008/SRR18341108/SRR18341108_1.fastq.gz	ESC	1
SRR18341108_2.fastq.gz	2020-12-07	ftp.sra.ebi.ac.uk/vol1/fastq/SRR183/008/SRR18341108/SRR18341108_2.fastq.gz	ESC	1
SRR18341113_1.fastq.gz	2020-12-14	ftp.sra.ebi.ac.uk/vol1/fastq/SRR183/013/SRR18341113/SRR18341113_1.fastq.gz	ESC	1
SRR18341113_2.fastq.gz	2020-12-14	ftp.sra.ebi.ac.uk/vol1/fastq/SRR183/013/SRR18341113/SRR18341113_2.fastq.gz	ESC	1
SRR18341062_1.fastq.gz	2020-12-21	ftp.sra.ebi.ac.uk/vol1/fastq/SRR183/062/SRR18341062/SRR18341062_1.fastq.gz	ESC	1
SRR18341062_2.fastq.gz	2020-12-21	ftp.sra.ebi.ac.uk/vol1/fastq/SRR183/062/SRR18341062/SRR18341062_2.fastq.gz	ESC	1
SRR18341051_1.fastq.gz	2020-12-28	ftp.sra.ebi.ac.uk/vol1/fastq/SRR183/051/SRR18341051/SRR18341051_1.fastq.gz	ESC	1
SRR18341051_2.fastq.gz	2020-12-28	ftp.sra.ebi.ac.uk/vol1/fastq/SRR183/051/SRR18341051/SRR18341051_2.fastq.gz	ESC	1
SRR18340994_1.fastq.gz	2021-01-04	ftp.sra.ebi.ac.uk/vol1/fastq/SRR183/094/SRR18340994/SRR18340994_1.fastq.gz	ESC	1
SRR18340994_2.fastq.gz	2021-01-04	ftp.sra.ebi.ac.uk/vol1/fastq/SRR183/094/SRR18340994/SRR18340994_2.fastq.gz	ESC	1
SRR18341137_1.fastq.gz	2021-01-11	ftp.sra.ebi.ac.uk/vol1/fastq/SRR183/037/SRR18341137/SRR18341137_1.fastq.gz	ESC	1
SRR18341137_2.fastq.gz	2021-01-11	ftp.sra.ebi.ac.uk/vol1/fastq/SRR183/037/SRR18341137/SRR18341137_2.fastq.gz	ESC	1
SRR18341136_1.fastq.gz	2021-01-18	ftp.sra.ebi.ac.uk/vol1/fastq/SRR183/036/SRR18341136/SRR18341136_1.fastq.gz	ESC	1
SRR18341136_2.fastq.gz	2021-01-18	ftp.sra.ebi.ac.uk/vol1/fastq/SRR183/036/SRR18341136/SRR18341136_2.fastq.gz	ESC	1
SRR18341005_1.fastq.gz	2021-01-25	ftp.sra.ebi.ac.uk/vol1/fastq/SRR183/005/SRR18341005/SRR18341005_1.fastq.gz	ESC	1
SRR18341005_2.fastq.gz	2021-01-25	ftp.sra.ebi.ac.uk/vol1/fastq/SRR183/005/SRR18341005/SRR18341005_2.fastq.gz	ESC	1
SRR18341007_1.fastq.gz	2021-02-08	ftp.sra.ebi.ac.uk/vol1/fastq/SRR183/007/SRR18341007/SRR18341007_1.fastq.gz	ESC	1
SRR18341007_2.fastq.gz	2021-02-08	ftp.sra.ebi.ac.uk/vol1/fastq/SRR183/007/SRR18341007/SRR18341007_2.fastq.gz	ESC	1
SRR18341097_1.fastq.gz	2021-02-15	ftp.sra.ebi.ac.uk/vol1/fastq/SRR183/097/SRR18341097/SRR18341097_1.fastq.gz	ESC	1
SRR18341097_2.fastq.gz	2021-02-15	ftp.sra.ebi.ac.uk/vol1/fastq/SRR183/097/SRR18341097/SRR18341097_2.fastq.gz	ESC	1
SRR18341086_1.fastq.gz	2021-02-22	ftp.sra.ebi.ac.uk/vol1/fastq/SRR183/086/SRR18341086/SRR18341086_1.fastq.gz	ESC	1
SRR18341086_2.fastq.gz	2021-02-22	ftp.sra.ebi.ac.uk/vol1/fastq/SRR183/086/SRR18341086/SRR18341086_2.fastq.gz	ESC	1
SRR18341006_1.fastq.gz	2021-03-01	ftp.sra.ebi.ac.uk/vol1/fastq/SRR183/006/SRR18341006/SRR18341006_1.fastq.gz	ESC	1
SRR18341006_2.fastq.gz	2021-03-01	ftp.sra.ebi.ac.uk/vol1/fastq/SRR183/006/SRR18341006/SRR18341006_2.fastq.gz	ESC	1
SRR18341001_1.fastq.gz	2021-03-08	ftp.sra.ebi.ac.uk/vol1/fastq/SRR183/001/SRR18341001/SRR18341001_1.fastq.gz	ESC	1
SRR18341001_2.fastq.gz	2021-03-08	ftp.sra.ebi.ac.uk/vol1/fastq/SRR183/001/SRR18341001/SRR18341001_2.fastq.gz	ESC	1
SRR18341004_1.fastq.gz	2021-03-17	ftp.sra.ebi.ac.uk/vol1/fastq/SRR183/004/SRR18341004/SRR18341004_1.fastq.gz	ESC	1
SRR18341004_2.fastq.gz	2021-03-17	ftp.sra.ebi.ac.uk/vol1/fastq/SRR183/004/SRR18341004/SRR18341004_2.fastq.gz	ESC	1
SRR18341003_1.fastq.gz	2021-03-22	ftp.sra.ebi.ac.uk/vol1/fastq/SRR183/003/SRR18341003/SRR18341003_1.fastq.gz	ESC	1
SRR18341003_2.fastq.gz	2021-03-22	ftp.sra.ebi.ac.uk/vol1/fastq/SRR183/003/SRR18341003/SRR18341003_2.fastq.gz	ESC	1
SRR18341002_1.fastq.gz	2021-03-29	ftp.sra.ebi.ac.uk/vol1/fastq/SRR183/002/SRR18341002/SRR18341002_1.fastq.gz	ESC	1
SRR18341002_2.fastq.gz	2021-03-29	ftp.sra.ebi.ac.uk/vol1/fastq/SRR183/002/SRR18341002/SRR18341002_2.fastq.gz	ESC	1
SRR18340997_1.fastq.gz	2021-04-05	ftp.sra.ebi.ac.uk/vol1/fastq/SRR183/097/SRR18340997/SRR18340997_1.fastq.gz	ESC	1
SRR18340997_2.fastq.gz	2021-04-05	ftp.sra.ebi.ac.uk/vol1/fastq/SRR183/097/SRR18340997/SRR18340997_2.fastq.gz	ESC	1
SRR18341000_1.fastq.gz	2021-04-12	ftp.sra.ebi.ac.uk/vol1/fastq/SRR183/000/SRR18341000/SRR18341000_1.fastq.gz	ESC	1
SRR18341000_2.fastq.gz	2021-04-12	ftp.sra.ebi.ac.uk/vol1/fastq/SRR183/000/SRR18341000/SRR18341000_2.fastq.gz	ESC	1
SRR18340999_1.fastq.gz	2021-04-19	ftp.sra.ebi.ac.uk/vol1/fastq/SRR183/099/SRR18340999/SRR18340999_1.fastq.gz	ESC	1
SRR18340999_2.fastq.gz	2021-04-19	ftp.sra.ebi.ac.uk/vol1/fastq/SRR183/099/SRR18340999/SRR18340999_2.fastq.gz	ESC	1
SRR18340998_1.fastq.gz	2021-04-26	ftp.sra.ebi.ac.uk/vol1/fastq/SRR183/098/SRR18340998/SRR18340998_1.fastq.gz	ESC	1
SRR18340998_2.fastq.gz	2021-04-26	ftp.sra.ebi.ac.uk/vol1/fastq/SRR183/098/SRR18340998/SRR18340998_2.fastq.gz	ESC	1
SRR18340996_1.fastq.gz	2021-05-10	ftp.sra.ebi.ac.uk/vol1/fastq/SRR183/096/SRR18340996/SRR18340996_1.fastq.gz	ESC	1
SRR18340996_2.fastq.gz	2021-05-10	ftp.sra.ebi.ac.uk/vol1/fastq/SRR183/096/SRR18340996/SRR18340996_2.fastq.gz	ESC	1
SRR18340995_1.fastq.gz	2021-05-24	ftp.sra.ebi.ac.uk/vol1/fastq/SRR183/095/SRR18340995/SRR18340995_1.fastq.gz	ESC	1
SRR18340995_2.fastq.gz	2021-05-24	ftp.sra.ebi.ac.uk/vol1/fastq/SRR183/095/SRR18340995/SRR18340995_2.fastq.gz	ESC	1
SRR18340993_1.fastq.gz	2021-05-31	ftp.sra.ebi.ac.uk/vol1/fastq/SRR183/093/SRR18340993/SRR18340993_1.fastq.gz	ESC	1
SRR18340993_2.fastq.gz	2021-05-31	ftp.sra.ebi.ac.uk/vol1/fastq/SRR183/093/SRR18340993/SRR18340993_2.fastq.gz	ESC	1
SRR18340990_1.fastq.gz	2021-06-09	ftp.sra.ebi.ac.uk/vol1/fastq/SRR183/090/SRR18340990/SRR18340990_1.fastq.gz	ESC	1
SRR18340990_2.fastq.gz	2021-06-09	ftp.sra.ebi.ac.uk/vol1/fastq/SRR183/090/SRR18340990/SRR18340990_2.fastq.gz	ESC	1
SRR18340992_1.fastq.gz	2021-06-14	ftp.sra.ebi.ac.uk/vol1/fastq/SRR183/092/SRR18340992/SRR18340992_1.fastq.gz	ESC	1
SRR18340992_2.fastq.gz	2021-06-14	ftp.sra.ebi.ac.uk/vol1/fastq/SRR183/092/SRR18340992/SRR18340992_2.fastq.gz	ESC	1
SRR18340991_1.fastq.gz	2021-06-24	ftp.sra.ebi.ac.uk/vol1/fastq/SRR183/091/SRR18340991/SRR18340991_1.fastq.gz	ESC	1
SRR18340991_2.fastq.gz	2021-06-24	ftp.sra.ebi.ac.uk/vol1/fastq/SRR183/091/SRR18340991/SRR18340991_2.fastq.gz	ESC	1
SRR18340987_1.fastq.gz	2021-07-05	ftp.sra.ebi.ac.uk/vol1/fastq/SRR183/087/SRR18340987/SRR18340987_1.fastq.gz	ESC	1
SRR18340987_2.fastq.gz	2021-07-05	ftp.sra.ebi.ac.uk/vol1/fastq/SRR183/087/SRR18340987/SRR18340987_2.fastq.gz	ESC	1
SRR18340989_1.fastq.gz	2021-07-12	ftp.sra.ebi.ac.uk/vol1/fastq/SRR183/089/SRR18340989/SRR18340989_1.fastq.gz	ESC	1
SRR18340989_2.fastq.gz	2021-07-12	ftp.sra.ebi.ac.uk/vol1/fastq/SRR183/089/SRR18340989/SRR18340989_2.fastq.gz	ESC	1
SRR18340988_1.fastq.gz	2021-07-19	ftp.sra.ebi.ac.uk/vol1/fastq/SRR183/088/SRR18340988/SRR18340988_1.fastq.gz	ESC	1
SRR18340988_2.fastq.gz	2021-07-19	ftp.sra.ebi.ac.uk/vol1/fastq/SRR183/088/SRR18340988/SRR18340988_2.fastq.gz	ESC	1
SRR14530767_1.fastq.gz	2020-08-11	ftp.sra.ebi.ac.uk/vol1/fastq/SRR145/067/SRR14530767/SRR14530767_1.fastq.gz	HTP	0
SRR14530767_2.fastq.gz	2020-08-11	ftp.sra.ebi.ac.uk/vol1/fastq/SRR145/067/SRR14530767/SRR14530767_2.fastq.gz	HTP	0
SRR14530790_1.fastq.gz	2020-08-11	ftp.sra.ebi.ac.uk/vol1/fastq/SRR145/090/SRR14530790/SRR14530790_1.fastq.gz	HTP	1
SRR14530790_2.fastq.gz	2020-08-11	ftp.sra.ebi.ac.uk/vol1/fastq/SRR145/090/SRR14530790/SRR14530790_2.fastq.gz	HTP	1
SRR14530766_1.fastq.gz	2020-08-18	ftp.sra.ebi.ac.uk/vol1/fastq/SRR145/066/SRR14530766/SRR14530766_1.fastq.gz	HTP	0
SRR14530766_2.fastq.gz	2020-08-18	ftp.sra.ebi.ac.uk/vol1/fastq/SRR145/066/SRR14530766/SRR14530766_2.fastq.gz	HTP	0
SRR14530779_1.fastq.gz	2020-08-18	ftp.sra.ebi.ac.uk/vol1/fastq/SRR145/079/SRR14530779/SRR14530779_1.fastq.gz	HTP	1
SRR14530779_2.fastq.gz	2020-08-18	ftp.sra.ebi.ac.uk/vol1/fastq/SRR145/079/SRR14530779/SRR14530779_2.fastq.gz	HTP	1
SRR14530765_1.fastq.gz	2020-08-25	ftp.sra.ebi.ac.uk/vol1/fastq/SRR145/065/SRR14530765/SRR14530765_1.fastq.gz	HTP	0
SRR14530765_2.fastq.gz	2020-08-25	ftp.sra.ebi.ac.uk/vol1/fastq/SRR145/065/SRR14530765/SRR14530765_2.fastq.gz	HTP	0
SRR14530768_1.fastq.gz	2020-08-25	ftp.sra.ebi.ac.uk/vol1/fastq/SRR145/068/SRR14530768/SRR14530768_1.fastq.gz	HTP	1
SRR14530768_2.fastq.gz	2020-08-25	ftp.sra.ebi.ac.uk/vol1/fastq/SRR145/068/SRR14530768/SRR14530768_2.fastq.gz	HTP	1
SRR14530757_1.fastq.gz	2020-09-01	ftp.sra.ebi.ac.uk/vol1/fastq/SRR145/057/SRR14530757/SRR14530757_1.fastq.gz	HTP	1
SRR14530757_2.fastq.gz	2020-09-01	ftp.sra.ebi.ac.uk/vol1/fastq/SRR145/057/SRR14530757/SRR14530757_2.fastq.gz	HTP	1
SRR14530764_1.fastq.gz	2020-09-01	ftp.sra.ebi.ac.uk/vol1/fastq/SRR145/064/SRR14530764/SRR14530764_1.fastq.gz	HTP	0
SRR14530764_2.fastq.gz	2020-09-01	ftp.sra.ebi.ac.uk/vol1/fastq/SRR145/064/SRR14530764/SRR14530764_2.fastq.gz	HTP	0
SRR14530746_1.fastq.gz	2020-09-08	ftp.sra.ebi.ac.uk/vol1/fastq/SRR145/046/SRR14530746/SRR14530746_1.fastq.gz	HTP	1
SRR14530746_2.fastq.gz	2020-09-08	ftp.sra.ebi.ac.uk/vol1/fastq/SRR145/046/SRR14530746/SRR14530746_2.fastq.gz	HTP	1
SRR14530763_1.fastq.gz	2020-09-08	ftp.sra.ebi.ac.uk/vol1/fastq/SRR145/063/SRR14530763/SRR14530763_1.fastq.gz	HTP	0
SRR14530763_2.fastq.gz	2020-09-08	ftp.sra.ebi.ac.uk/vol1/fastq/SRR145/063/SRR14530763/SRR14530763_2.fastq.gz	HTP	0
SRR14530735_1.fastq.gz	2020-09-15	ftp.sra.ebi.ac.uk/vol1/fastq/SRR145/035/SRR14530735/SRR14530735_1.fastq.gz	HTP	1
SRR14530735_2.fastq.gz	2020-09-15	ftp.sra.ebi.ac.uk/vol1/fastq/SRR145/035/SRR14530735/SRR14530735_2.fastq.gz	HTP	1
SRR14530762_1.fastq.gz	2020-09-15	ftp.sra.ebi.ac.uk/vol1/fastq/SRR145/062/SRR14530762/SRR14530762_1.fastq.gz	HTP	0
SRR14530762_2.fastq.gz	2020-09-15	ftp.sra.ebi.ac.uk/vol1/fastq/SRR145/062/SRR14530762/SRR14530762_2.fastq.gz	HTP	0
SRR14530843_1.fastq.gz	2020-09-22	ftp.sra.ebi.ac.uk/vol1/fastq/SRR145/043/SRR14530843/SRR14530843_1.fastq.gz	HTP	1
SRR14530843_2.fastq.gz	2020-09-22	ftp.sra.ebi.ac.uk/vol1/fastq/SRR145/043/SRR14530843/SRR14530843_2.fastq.gz	HTP	1
SRR14530881_1.fastq.gz	2020-09-22	ftp.sra.ebi.ac.uk/vol1/fastq/SRR145/081/SRR14530881/SRR14530881_1.fastq.gz	HTP	0
SRR14530881_2.fastq.gz	2020-09-22	ftp.sra.ebi.ac.uk/vol1/fastq/SRR145/081/SRR14530881/SRR14530881_2.fastq.gz	HTP	0
SRR14530842_1.fastq.gz	2020-09-29	ftp.sra.ebi.ac.uk/vol1/fastq/SRR145/042/SRR14530842/SRR14530842_1.fastq.gz	HTP	1
SRR14530842_2.fastq.gz	2020-09-29	ftp.sra.ebi.ac.uk/vol1/fastq/SRR145/042/SRR14530842/SRR14530842_2.fastq.gz	HTP	1
SRR14530880_1.fastq.gz	2020-09-29	ftp.sra.ebi.ac.uk/vol1/fastq/SRR145/080/SRR14530880/SRR14530880_1.fastq.gz	HTP	0
SRR14530880_2.fastq.gz	2020-09-29	ftp.sra.ebi.ac.uk/vol1/fastq/SRR145/080/SRR14530880/SRR14530880_2.fastq.gz	HTP	0
SRR14530772_1.fastq.gz	2020-10-02	ftp.sra.ebi.ac.uk/vol1/fastq/SRR145/072/SRR14530772/SRR14530772_1.fastq.gz	HTP	0
SRR14530772_2.fastq.gz	2020-10-02	ftp.sra.ebi.ac.uk/vol1/fastq/SRR145/072/SRR14530772/SRR14530772_2.fastq.gz	HTP	0
SRR14530820_1.fastq.gz	2020-10-02	ftp.sra.ebi.ac.uk/vol1/fastq/SRR145/020/SRR14530820/SRR14530820_1.fastq.gz	HTP	1
SRR14530820_2.fastq.gz	2020-10-02	ftp.sra.ebi.ac.uk/vol1/fastq/SRR145/020/SRR14530820/SRR14530820_2.fastq.gz	HTP	1
SRR14530771_1.fastq.gz	2020-10-13	ftp.sra.ebi.ac.uk/vol1/fastq/SRR145/071/SRR14530771/SRR14530771_1.fastq.gz	HTP	0
SRR14530771_2.fastq.gz	2020-10-13	ftp.sra.ebi.ac.uk/vol1/fastq/SRR145/071/SRR14530771/SRR14530771_2.fastq.gz	HTP	0
SRR14530819_1.fastq.gz	2020-10-13	ftp.sra.ebi.ac.uk/vol1/fastq/SRR145/019/SRR14530819/SRR14530819_1.fastq.gz	HTP	1
SRR14530819_2.fastq.gz	2020-10-13	ftp.sra.ebi.ac.uk/vol1/fastq/SRR145/019/SRR14530819/SRR14530819_2.fastq.gz	HTP	1
SRR14530770_1.fastq.gz	2020-10-20	ftp.sra.ebi.ac.uk/vol1/fastq/SRR145/070/SRR14530770/SRR14530770_1.fastq.gz	HTP	0
SRR14530770_2.fastq.gz	2020-10-20	ftp.sra.ebi.ac.uk/vol1/fastq/SRR145/070/SRR14530770/SRR14530770_2.fastq.gz	HTP	0
SRR14530812_1.fastq.gz	2020-10-20	ftp.sra.ebi.ac.uk/vol1/fastq/SRR145/012/SRR14530812/SRR14530812_1.fastq.gz	HTP	1
SRR14530812_2.fastq.gz	2020-10-20	ftp.sra.ebi.ac.uk/vol1/fastq/SRR145/012/SRR14530812/SRR14530812_2.fastq.gz	HTP	1
SRR14530769_1.fastq.gz	2020-10-27	ftp.sra.ebi.ac.uk/vol1/fastq/SRR145/069/SRR14530769/SRR14530769_1.fastq.gz	HTP	0
SRR14530769_2.fastq.gz	2020-10-27	ftp.sra.ebi.ac.uk/vol1/fastq/SRR145/069/SRR14530769/SRR14530769_2.fastq.gz	HTP	0
SRR14530801_1.fastq.gz	2020-10-27	ftp.sra.ebi.ac.uk/vol1/fastq/SRR145/001/SRR14530801/SRR14530801_1.fastq.gz	HTP	1
SRR14530801_2.fastq.gz	2020-10-27	ftp.sra.ebi.ac.uk/vol1/fastq/SRR145/001/SRR14530801/SRR14530801_2.fastq.gz	HTP	1
SRR14530847_1.fastq.gz	2020-11-03	ftp.sra.ebi.ac.uk/vol1/fastq/SRR145/047/SRR14530847/SRR14530847_1.fastq.gz	HTP	1
SRR14530847_2.fastq.gz	2020-11-03	ftp.sra.ebi.ac.uk/vol1/fastq/SRR145/047/SRR14530847/SRR14530847_2.fastq.gz	HTP	1
SRR14530888_1.fastq.gz	2020-11-03	ftp.sra.ebi.ac.uk/vol1/fastq/SRR145/088/SRR14530888/SRR14530888_1.fastq.gz	HTP	0
SRR14530888_2.fastq.gz	2020-11-03	ftp.sra.ebi.ac.uk/vol1/fastq/SRR145/088/SRR14530888/SRR14530888_2.fastq.gz	HTP	0
SRR14530890_1.fastq.gz	2020-11-17	ftp.sra.ebi.ac.uk/vol1/fastq/SRR145/090/SRR14530890/SRR14530890_1.fastq.gz	HTP	0
SRR14530890_2.fastq.gz	2020-11-17	ftp.sra.ebi.ac.uk/vol1/fastq/SRR145/090/SRR14530890/SRR14530890_2.fastq.gz	HTP	0
SRR14530848_1.fastq.gz	2020-11-24	ftp.sra.ebi.ac.uk/vol1/fastq/SRR145/048/SRR14530848/SRR14530848_1.fastq.gz	HTP	1
SRR14530848_2.fastq.gz	2020-11-24	ftp.sra.ebi.ac.uk/vol1/fastq/SRR145/048/SRR14530848/SRR14530848_2.fastq.gz	HTP	1
SRR14530889_1.fastq.gz	2020-11-24	ftp.sra.ebi.ac.uk/vol1/fastq/SRR145/089/SRR14530889/SRR14530889_1.fastq.gz	HTP	0
SRR14530889_2.fastq.gz	2020-11-24	ftp.sra.ebi.ac.uk/vol1/fastq/SRR145/089/SRR14530889/SRR14530889_2.fastq.gz	HTP	0
SRR14530887_1.fastq.gz	2020-12-01	ftp.sra.ebi.ac.uk/vol1/fastq/SRR145/087/SRR14530887/SRR14530887_1.fastq.gz	HTP	0
SRR14530887_2.fastq.gz	2020-12-01	ftp.sra.ebi.ac.uk/vol1/fastq/SRR145/087/SRR14530887/SRR14530887_2.fastq.gz	HTP	0
SRR14530846_1.fastq.gz	2020-12-04	ftp.sra.ebi.ac.uk/vol1/fastq/SRR145/046/SRR14530846/SRR14530846_1.fastq.gz	HTP	1
SRR14530846_2.fastq.gz	2020-12-04	ftp.sra.ebi.ac.uk/vol1/fastq/SRR145/046/SRR14530846/SRR14530846_2.fastq.gz	HTP	1
SRR14530886_1.fastq.gz	2020-12-04	ftp.sra.ebi.ac.uk/vol1/fastq/SRR145/086/SRR14530886/SRR14530886_1.fastq.gz	HTP	0
SRR14530886_2.fastq.gz	2020-12-04	ftp.sra.ebi.ac.uk/vol1/fastq/SRR145/086/SRR14530886/SRR14530886_2.fastq.gz	HTP	0
SRR14530885_1.fastq.gz	2020-12-15	ftp.sra.ebi.ac.uk/vol1/fastq/SRR145/085/SRR14530885/SRR14530885_1.fastq.gz	HTP	0
SRR14530885_2.fastq.gz	2020-12-15	ftp.sra.ebi.ac.uk/vol1/fastq/SRR145/085/SRR14530885/SRR14530885_2.fastq.gz	HTP	0
SRR14530845_1.fastq.gz	2020-12-22	ftp.sra.ebi.ac.uk/vol1/fastq/SRR145/045/SRR14530845/SRR14530845_1.fastq.gz	HTP	1
SRR14530845_2.fastq.gz	2020-12-22	ftp.sra.ebi.ac.uk/vol1/fastq/SRR145/045/SRR14530845/SRR14530845_2.fastq.gz	HTP	1
SRR14530884_1.fastq.gz	2020-12-22	ftp.sra.ebi.ac.uk/vol1/fastq/SRR145/084/SRR14530884/SRR14530884_1.fastq.gz	HTP	0
SRR14530884_2.fastq.gz	2020-12-22	ftp.sra.ebi.ac.uk/vol1/fastq/SRR145/084/SRR14530884/SRR14530884_2.fastq.gz	HTP	0
SRR14530844_1.fastq.gz	2020-12-29	ftp.sra.ebi.ac.uk/vol1/fastq/SRR145/044/SRR14530844/SRR14530844_1.fastq.gz	HTP	1
SRR14530844_2.fastq.gz	2020-12-29	ftp.sra.ebi.ac.uk/vol1/fastq/SRR145/044/SRR14530844/SRR14530844_2.fastq.gz	HTP	1
SRR14530882_1.fastq.gz	2020-12-29	ftp.sra.ebi.ac.uk/vol1/fastq/SRR145/082/SRR14530882/SRR14530882_1.fastq.gz	HTP	0
SRR14530882_2.fastq.gz	2020-12-29	ftp.sra.ebi.ac.uk/vol1/fastq/SRR145/082/SRR14530882/SRR14530882_2.fastq.gz	HTP	0
SRR14530849_1.fastq.gz	2021-01-03	ftp.sra.ebi.ac.uk/vol1/fastq/SRR145/049/SRR14530849/SRR14530849_1.fastq.gz	HTP	1
SRR14530849_2.fastq.gz	2021-01-03	ftp.sra.ebi.ac.uk/vol1/fastq/SRR145/049/SRR14530849/SRR14530849_2.fastq.gz	HTP	1
SRR14530891_1.fastq.gz	2021-01-03	ftp.sra.ebi.ac.uk/vol1/fastq/SRR145/091/SRR14530891/SRR14530891_1.fastq.gz	HTP	0
SRR14530891_2.fastq.gz	2021-01-03	ftp.sra.ebi.ac.uk/vol1/fastq/SRR145/091/SRR14530891/SRR14530891_2.fastq.gz	HTP	0
SRR18341023_1.fastq.gz	2021-01-05	ftp.sra.ebi.ac.uk/vol1/fastq/SRR183/023/SRR18341023/SRR18341023_1.fastq.gz	HTP	1
SRR18341023_2.fastq.gz	2021-01-05	ftp.sra.ebi.ac.uk/vol1/fastq/SRR183/023/SRR18341023/SRR18341023_2.fastq.gz	HTP	1
SRR18341022_1.fastq.gz	2021-01-07	ftp.sra.ebi.ac.uk/vol1/fastq/SRR183/022/SRR18341022/SRR18341022_1.fastq.gz	HTP	1
SRR18341022_2.fastq.gz	2021-01-07	ftp.sra.ebi.ac.uk/vol1/fastq/SRR183/022/SRR18341022/SRR18341022_2.fastq.gz	HTP	1
SRR18341033_1.fastq.gz	2021-01-10	ftp.sra.ebi.ac.uk/vol1/fastq/SRR183/033/SRR18341033/SRR18341033_1.fastq.gz	HTP	1
SRR18341033_2.fastq.gz	2021-01-10	ftp.sra.ebi.ac.uk/vol1/fastq/SRR183/033/SRR18341033/SRR18341033_2.fastq.gz	HTP	1
SRR18341032_1.fastq.gz	2021-01-12	ftp.sra.ebi.ac.uk/vol1/fastq/SRR183/032/SRR18341032/SRR18341032_1.fastq.gz	HTP	1
SRR18341032_2.fastq.gz	2021-01-12	ftp.sra.ebi.ac.uk/vol1/fastq/SRR183/032/SRR18341032/SRR18341032_2.fastq.gz	HTP	1
SRR18341031_1.fastq.gz	2021-01-14	ftp.sra.ebi.ac.uk/vol1/fastq/SRR183/031/SRR18341031/SRR18341031_1.fastq.gz	HTP	1
SRR18341031_2.fastq.gz	2021-01-14	ftp.sra.ebi.ac.uk/vol1/fastq/SRR183/031/SRR18341031/SRR18341031_2.fastq.gz	HTP	1
SRR18341030_1.fastq.gz	2021-01-19	ftp.sra.ebi.ac.uk/vol1/fastq/SRR183/030/SRR18341030/SRR18341030_1.fastq.gz	HTP	1
SRR18341030_2.fastq.gz	2021-01-19	ftp.sra.ebi.ac.uk/vol1/fastq/SRR183/030/SRR18341030/SRR18341030_2.fastq.gz	HTP	1
SRR18341029_1.fastq.gz	2021-01-21	ftp.sra.ebi.ac.uk/vol1/fastq/SRR183/029/SRR18341029/SRR18341029_1.fastq.gz	HTP	1
SRR18341029_2.fastq.gz	2021-01-21	ftp.sra.ebi.ac.uk/vol1/fastq/SRR183/029/SRR18341029/SRR18341029_2.fastq.gz	HTP	1
SRR18341027_1.fastq.gz	2021-01-24	ftp.sra.ebi.ac.uk/vol1/fastq/SRR183/027/SRR18341027/SRR18341027_1.fastq.gz	HTP	1
SRR18341027_2.fastq.gz	2021-01-24	ftp.sra.ebi.ac.uk/vol1/fastq/SRR183/027/SRR18341027/SRR18341027_2.fastq.gz	HTP	1
SRR18341026_1.fastq.gz	2021-01-26	ftp.sra.ebi.ac.uk/vol1/fastq/SRR183/026/SRR18341026/SRR18341026_1.fastq.gz	HTP	1
SRR18341026_2.fastq.gz	2021-01-26	ftp.sra.ebi.ac.uk/vol1/fastq/SRR183/026/SRR18341026/SRR18341026_2.fastq.gz	HTP	1
SRR18341025_1.fastq.gz	2021-01-28	ftp.sra.ebi.ac.uk/vol1/fastq/SRR183/025/SRR18341025/SRR18341025_1.fastq.gz	HTP	1
SRR18341025_2.fastq.gz	2021-01-28	ftp.sra.ebi.ac.uk/vol1/fastq/SRR183/025/SRR18341025/SRR18341025_2.fastq.gz	HTP	1
SRR18341024_1.fastq.gz	2021-01-31	ftp.sra.ebi.ac.uk/vol1/fastq/SRR183/024/SRR18341024/SRR18341024_1.fastq.gz	HTP	1
SRR18341024_2.fastq.gz	2021-01-31	ftp.sra.ebi.ac.uk/vol1/fastq/SRR183/024/SRR18341024/SRR18341024_2.fastq.gz	HTP	1
SRR18341016_1.fastq.gz	2021-02-02	ftp.sra.ebi.ac.uk/vol1/fastq/SRR183/016/SRR18341016/SRR18341016_1.fastq.gz	HTP	1
SRR18341016_2.fastq.gz	2021-02-02	ftp.sra.ebi.ac.uk/vol1/fastq/SRR183/016/SRR18341016/SRR18341016_2.fastq.gz	HTP	1
SRR18340984_1.fastq.gz	2021-02-04	ftp.sra.ebi.ac.uk/vol1/fastq/SRR183/084/SRR18340984/SRR18340984_1.fastq.gz	HTP	1
SRR18340984_2.fastq.gz	2021-02-04	ftp.sra.ebi.ac.uk/vol1/fastq/SRR183/084/SRR18340984/SRR18340984_2.fastq.gz	HTP	1
SRR18340983_1.fastq.gz	2021-02-07	ftp.sra.ebi.ac.uk/vol1/fastq/SRR183/083/SRR18340983/SRR18340983_1.fastq.gz	HTP	1
SRR18340983_2.fastq.gz	2021-02-07	ftp.sra.ebi.ac.uk/vol1/fastq/SRR183/083/SRR18340983/SRR18340983_2.fastq.gz	HTP	1
SRR18340982_1.fastq.gz	2021-02-09	ftp.sra.ebi.ac.uk/vol1/fastq/SRR183/082/SRR18340982/SRR18340982_1.fastq.gz	HTP	1
SRR18340982_2.fastq.gz	2021-02-09	ftp.sra.ebi.ac.uk/vol1/fastq/SRR183/082/SRR18340982/SRR18340982_2.fastq.gz	HTP	1
SRR18341021_1.fastq.gz	2021-02-10	ftp.sra.ebi.ac.uk/vol1/fastq/SRR183/021/SRR18341021/SRR18341021_1.fastq.gz	HTP	1
SRR18341021_2.fastq.gz	2021-02-10	ftp.sra.ebi.ac.uk/vol1/fastq/SRR183/021/SRR18341021/SRR18341021_2.fastq.gz	HTP	1
SRR18341020_1.fastq.gz	2021-02-15	ftp.sra.ebi.ac.uk/vol1/fastq/SRR183/020/SRR18341020/SRR18341020_1.fastq.gz	HTP	1
SRR18341020_2.fastq.gz	2021-02-15	ftp.sra.ebi.ac.uk/vol1/fastq/SRR183/020/SRR18341020/SRR18341020_2.fastq.gz	HTP	1
SRR18341019_1.fastq.gz	2021-02-16	ftp.sra.ebi.ac.uk/vol1/fastq/SRR183/019/SRR18341019/SRR18341019_1.fastq.gz	HTP	1
SRR18341019_2.fastq.gz	2021-02-16	ftp.sra.ebi.ac.uk/vol1/fastq/SRR183/019/SRR18341019/SRR18341019_2.fastq.gz	HTP	1
SRR18341018_1.fastq.gz	2021-02-18	ftp.sra.ebi.ac.uk/vol1/fastq/SRR183/018/SRR18341018/SRR18341018_1.fastq.gz	HTP	1
SRR18341018_2.fastq.gz	2021-02-18	ftp.sra.ebi.ac.uk/vol1/fastq/SRR183/018/SRR18341018/SRR18341018_2.fastq.gz	HTP	1
SRR18341015_1.fastq.gz	2021-02-21	ftp.sra.ebi.ac.uk/vol1/fastq/SRR183/015/SRR18341015/SRR18341015_1.fastq.gz	HTP	1
SRR18341015_2.fastq.gz	2021-02-21	ftp.sra.ebi.ac.uk/vol1/fastq/SRR183/015/SRR18341015/SRR18341015_2.fastq.gz	HTP	1
SRR18341014_1.fastq.gz	2021-02-23	ftp.sra.ebi.ac.uk/vol1/fastq/SRR183/014/SRR18341014/SRR18341014_1.fastq.gz	HTP	1
SRR18341014_2.fastq.gz	2021-02-23	ftp.sra.ebi.ac.uk/vol1/fastq/SRR183/014/SRR18341014/SRR18341014_2.fastq.gz	HTP	1
SRR18340985_1.fastq.gz	2021-02-28	ftp.sra.ebi.ac.uk/vol1/fastq/SRR183/085/SRR18340985/SRR18340985_1.fastq.gz	HTP	1
SRR18340985_2.fastq.gz	2021-02-28	ftp.sra.ebi.ac.uk/vol1/fastq/SRR183/085/SRR18340985/SRR18340985_2.fastq.gz	HTP	1
SRR18340976_1.fastq.gz	2021-03-02	ftp.sra.ebi.ac.uk/vol1/fastq/SRR183/076/SRR18340976/SRR18340976_1.fastq.gz	HTP	1
SRR18340976_2.fastq.gz	2021-03-02	ftp.sra.ebi.ac.uk/vol1/fastq/SRR183/076/SRR18340976/SRR18340976_2.fastq.gz	HTP	1
SRR18340969_1.fastq.gz	2021-03-04	ftp.sra.ebi.ac.uk/vol1/fastq/SRR183/069/SRR18340969/SRR18340969_1.fastq.gz	HTP	1
SRR18340969_2.fastq.gz	2021-03-04	ftp.sra.ebi.ac.uk/vol1/fastq/SRR183/069/SRR18340969/SRR18340969_2.fastq.gz	HTP	1
SRR18340968_1.fastq.gz	2021-03-07	ftp.sra.ebi.ac.uk/vol1/fastq/SRR183/068/SRR18340968/SRR18340968_1.fastq.gz	HTP	1
SRR18340968_2.fastq.gz	2021-03-07	ftp.sra.ebi.ac.uk/vol1/fastq/SRR183/068/SRR18340968/SRR18340968_2.fastq.gz	HTP	1
SRR18340966_1.fastq.gz	2021-03-09	ftp.sra.ebi.ac.uk/vol1/fastq/SRR183/066/SRR18340966/SRR18340966_1.fastq.gz	HTP	1
SRR18340966_2.fastq.gz	2021-03-09	ftp.sra.ebi.ac.uk/vol1/fastq/SRR183/066/SRR18340966/SRR18340966_2.fastq.gz	HTP	1
SRR18340981_1.fastq.gz	2021-03-11	ftp.sra.ebi.ac.uk/vol1/fastq/SRR183/081/SRR18340981/SRR18340981_1.fastq.gz	HTP	1
SRR18340981_2.fastq.gz	2021-03-11	ftp.sra.ebi.ac.uk/vol1/fastq/SRR183/081/SRR18340981/SRR18340981_2.fastq.gz	HTP	1
SRR18340980_1.fastq.gz	2021-03-14	ftp.sra.ebi.ac.uk/vol1/fastq/SRR183/080/SRR18340980/SRR18340980_1.fastq.gz	HTP	1
SRR18340980_2.fastq.gz	2021-03-14	ftp.sra.ebi.ac.uk/vol1/fastq/SRR183/080/SRR18340980/SRR18340980_2.fastq.gz	HTP	1
SRR18340979_1.fastq.gz	2021-03-16	ftp.sra.ebi.ac.uk/vol1/fastq/SRR183/079/SRR18340979/SRR18340979_1.fastq.gz	HTP	1
SRR18340979_2.fastq.gz	2021-03-16	ftp.sra.ebi.ac.uk/vol1/fastq/SRR183/079/SRR18340979/SRR18340979_2.fastq.gz	HTP	1
SRR18340977_1.fastq.gz	2021-03-18	ftp.sra.ebi.ac.uk/vol1/fastq/SRR183/077/SRR18340977/SRR18340977_1.fastq.gz	HTP	1
SRR18340977_2.fastq.gz	2021-03-18	ftp.sra.ebi.ac.uk/vol1/fastq/SRR183/077/SRR18340977/SRR18340977_2.fastq.gz	HTP	1
SRR18340975_1.fastq.gz	2021-03-21	ftp.sra.ebi.ac.uk/vol1/fastq/SRR183/075/SRR18340975/SRR18340975_1.fastq.gz	HTP	1
SRR18340975_2.fastq.gz	2021-03-21	ftp.sra.ebi.ac.uk/vol1/fastq/SRR183/075/SRR18340975/SRR18340975_2.fastq.gz	HTP	1
SRR18340974_1.fastq.gz	2021-03-23	ftp.sra.ebi.ac.uk/vol1/fastq/SRR183/074/SRR18340974/SRR18340974_1.fastq.gz	HTP	1
SRR18340974_2.fastq.gz	2021-03-23	ftp.sra.ebi.ac.uk/vol1/fastq/SRR183/074/SRR18340974/SRR18340974_2.fastq.gz	HTP	1
SRR18340973_1.fastq.gz	2021-03-25	ftp.sra.ebi.ac.uk/vol1/fastq/SRR183/073/SRR18340973/SRR18340973_1.fastq.gz	HTP	1
SRR18340973_2.fastq.gz	2021-03-25	ftp.sra.ebi.ac.uk/vol1/fastq/SRR183/073/SRR18340973/SRR18340973_2.fastq.gz	HTP	1
SRR18340972_1.fastq.gz	2021-03-29	ftp.sra.ebi.ac.uk/vol1/fastq/SRR183/072/SRR18340972/SRR18340972_1.fastq.gz	HTP	1
SRR18340972_2.fastq.gz	2021-03-29	ftp.sra.ebi.ac.uk/vol1/fastq/SRR183/072/SRR18340972/SRR18340972_2.fastq.gz	HTP	1
SRR18340971_1.fastq.gz	2021-03-30	ftp.sra.ebi.ac.uk/vol1/fastq/SRR183/071/SRR18340971/SRR18340971_1.fastq.gz	HTP	1
SRR18340971_2.fastq.gz	2021-03-30	ftp.sra.ebi.ac.uk/vol1/fastq/SRR183/071/SRR18340971/SRR18340971_2.fastq.gz	HTP	1
SRR18340970_1.fastq.gz	2021-03-31	ftp.sra.ebi.ac.uk/vol1/fastq/SRR183/070/SRR18340970/SRR18340970_1.fastq.gz	HTP	1
SRR18340970_2.fastq.gz	2021-03-31	ftp.sra.ebi.ac.uk/vol1/fastq/SRR183/070/SRR18340970/SRR18340970_2.fastq.gz	HTP	1
SRR18340960_1.fastq.gz	2021-04-04	ftp.sra.ebi.ac.uk/vol1/fastq/SRR183/060/SRR18340960/SRR18340960_1.fastq.gz	HTP	1
SRR18340960_2.fastq.gz	2021-04-04	ftp.sra.ebi.ac.uk/vol1/fastq/SRR183/060/SRR18340960/SRR18340960_2.fastq.gz	HTP	1
SRR18340959_1.fastq.gz	2021-04-06	ftp.sra.ebi.ac.uk/vol1/fastq/SRR183/059/SRR18340959/SRR18340959_1.fastq.gz	HTP	1
SRR18340959_2.fastq.gz	2021-04-06	ftp.sra.ebi.ac.uk/vol1/fastq/SRR183/059/SRR18340959/SRR18340959_2.fastq.gz	HTP	1
SRR18340958_1.fastq.gz	2021-04-08	ftp.sra.ebi.ac.uk/vol1/fastq/SRR183/058/SRR18340958/SRR18340958_1.fastq.gz	HTP	1
SRR18340958_2.fastq.gz	2021-04-08	ftp.sra.ebi.ac.uk/vol1/fastq/SRR183/058/SRR18340958/SRR18340958_2.fastq.gz	HTP	1
SRR18340965_1.fastq.gz	2021-04-15	ftp.sra.ebi.ac.uk/vol1/fastq/SRR183/065/SRR18340965/SRR18340965_1.fastq.gz	HTP	1
SRR18340965_2.fastq.gz	2021-04-15	ftp.sra.ebi.ac.uk/vol1/fastq/SRR183/065/SRR18340965/SRR18340965_2.fastq.gz	HTP	1
SRR18340964_1.fastq.gz	2021-04-22	ftp.sra.ebi.ac.uk/vol1/fastq/SRR183/064/SRR18340964/SRR18340964_1.fastq.gz	HTP	1
SRR18340964_2.fastq.gz	2021-04-22	ftp.sra.ebi.ac.uk/vol1/fastq/SRR183/064/SRR18340964/SRR18340964_2.fastq.gz	HTP	1
SRR18340963_1.fastq.gz	2021-04-25	ftp.sra.ebi.ac.uk/vol1/fastq/SRR183/063/SRR18340963/SRR18340963_1.fastq.gz	HTP	1
SRR18340963_2.fastq.gz	2021-04-25	ftp.sra.ebi.ac.uk/vol1/fastq/SRR183/063/SRR18340963/SRR18340963_2.fastq.gz	HTP	1
SRR18340962_1.fastq.gz	2021-04-26	ftp.sra.ebi.ac.uk/vol1/fastq/SRR183/062/SRR18340962/SRR18340962_1.fastq.gz	HTP	1
SRR18340962_2.fastq.gz	2021-04-26	ftp.sra.ebi.ac.uk/vol1/fastq/SRR183/062/SRR18340962/SRR18340962_2.fastq.gz	HTP	1
SRR18340961_1.fastq.gz	2021-04-29	ftp.sra.ebi.ac.uk/vol1/fastq/SRR183/061/SRR18340961/SRR18340961_1.fastq.gz	HTP	1
SRR18340961_2.fastq.gz	2021-04-29	ftp.sra.ebi.ac.uk/vol1/fastq/SRR183/061/SRR18340961/SRR18340961_2.fastq.gz	HTP	1
SRR18341076_1.fastq.gz	2021-05-02	ftp.sra.ebi.ac.uk/vol1/fastq/SRR183/076/SRR18341076/SRR18341076_1.fastq.gz	HTP	1
SRR18341076_2.fastq.gz	2021-05-02	ftp.sra.ebi.ac.uk/vol1/fastq/SRR183/076/SRR18341076/SRR18341076_2.fastq.gz	HTP	1
SRR18341070_1.fastq.gz	2021-05-04	ftp.sra.ebi.ac.uk/vol1/fastq/SRR183/070/SRR18341070/SRR18341070_1.fastq.gz	HTP	1
SRR18341070_2.fastq.gz	2021-05-04	ftp.sra.ebi.ac.uk/vol1/fastq/SRR183/070/SRR18341070/SRR18341070_2.fastq.gz	HTP	1
SRR18341134_1.fastq.gz	2021-05-06	ftp.sra.ebi.ac.uk/vol1/fastq/SRR183/034/SRR18341134/SRR18341134_1.fastq.gz	HTP	1
SRR18341134_2.fastq.gz	2021-05-06	ftp.sra.ebi.ac.uk/vol1/fastq/SRR183/034/SRR18341134/SRR18341134_2.fastq.gz	HTP	1
SRR18341133_1.fastq.gz	2021-05-09	ftp.sra.ebi.ac.uk/vol1/fastq/SRR183/033/SRR18341133/SRR18341133_1.fastq.gz	HTP	1
SRR18341133_2.fastq.gz	2021-05-09	ftp.sra.ebi.ac.uk/vol1/fastq/SRR183/033/SRR18341133/SRR18341133_2.fastq.gz	HTP	1
SRR18341081_1.fastq.gz	2021-05-11	ftp.sra.ebi.ac.uk/vol1/fastq/SRR183/081/SRR18341081/SRR18341081_1.fastq.gz	HTP	1
SRR18341081_2.fastq.gz	2021-05-11	ftp.sra.ebi.ac.uk/vol1/fastq/SRR183/081/SRR18341081/SRR18341081_2.fastq.gz	HTP	1
SRR18341079_1.fastq.gz	2021-05-13	ftp.sra.ebi.ac.uk/vol1/fastq/SRR183/079/SRR18341079/SRR18341079_1.fastq.gz	HTP	1
SRR18341079_2.fastq.gz	2021-05-13	ftp.sra.ebi.ac.uk/vol1/fastq/SRR183/079/SRR18341079/SRR18341079_2.fastq.gz	HTP	1
SRR18341078_1.fastq.gz	2021-05-16	ftp.sra.ebi.ac.uk/vol1/fastq/SRR183/078/SRR18341078/SRR18341078_1.fastq.gz	HTP	1
SRR18341078_2.fastq.gz	2021-05-16	ftp.sra.ebi.ac.uk/vol1/fastq/SRR183/078/SRR18341078/SRR18341078_2.fastq.gz	HTP	1
SRR18341077_1.fastq.gz	2021-05-18	ftp.sra.ebi.ac.uk/vol1/fastq/SRR183/077/SRR18341077/SRR18341077_1.fastq.gz	HTP	1
SRR18341077_2.fastq.gz	2021-05-18	ftp.sra.ebi.ac.uk/vol1/fastq/SRR183/077/SRR18341077/SRR18341077_2.fastq.gz	HTP	1
SRR18341075_1.fastq.gz	2021-05-20	ftp.sra.ebi.ac.uk/vol1/fastq/SRR183/075/SRR18341075/SRR18341075_1.fastq.gz	HTP	1
SRR18341075_2.fastq.gz	2021-05-20	ftp.sra.ebi.ac.uk/vol1/fastq/SRR183/075/SRR18341075/SRR18341075_2.fastq.gz	HTP	1
SRR18341074_1.fastq.gz	2021-05-23	ftp.sra.ebi.ac.uk/vol1/fastq/SRR183/074/SRR18341074/SRR18341074_1.fastq.gz	HTP	1
SRR18341074_2.fastq.gz	2021-05-23	ftp.sra.ebi.ac.uk/vol1/fastq/SRR183/074/SRR18341074/SRR18341074_2.fastq.gz	HTP	1
SRR18341073_1.fastq.gz	2021-05-24	ftp.sra.ebi.ac.uk/vol1/fastq/SRR183/073/SRR18341073/SRR18341073_1.fastq.gz	HTP	1
SRR18341073_2.fastq.gz	2021-05-24	ftp.sra.ebi.ac.uk/vol1/fastq/SRR183/073/SRR18341073/SRR18341073_2.fastq.gz	HTP	1
SRR18341072_1.fastq.gz	2021-05-25	ftp.sra.ebi.ac.uk/vol1/fastq/SRR183/072/SRR18341072/SRR18341072_1.fastq.gz	HTP	1
SRR18341072_2.fastq.gz	2021-05-25	ftp.sra.ebi.ac.uk/vol1/fastq/SRR183/072/SRR18341072/SRR18341072_2.fastq.gz	HTP	1
SRR18341071_1.fastq.gz	2021-05-31	ftp.sra.ebi.ac.uk/vol1/fastq/SRR183/071/SRR18341071/SRR18341071_1.fastq.gz	HTP	1
SRR18341071_2.fastq.gz	2021-05-31	ftp.sra.ebi.ac.uk/vol1/fastq/SRR183/071/SRR18341071/SRR18341071_2.fastq.gz	HTP	1
SRR18341132_1.fastq.gz	2021-06-01	ftp.sra.ebi.ac.uk/vol1/fastq/SRR183/032/SRR18341132/SRR18341132_1.fastq.gz	HTP	1
SRR18341132_2.fastq.gz	2021-06-01	ftp.sra.ebi.ac.uk/vol1/fastq/SRR183/032/SRR18341132/SRR18341132_2.fastq.gz	HTP	1
SRR18341126_1.fastq.gz	2021-06-03	ftp.sra.ebi.ac.uk/vol1/fastq/SRR183/026/SRR18341126/SRR18341126_1.fastq.gz	HTP	1
SRR18341126_2.fastq.gz	2021-06-03	ftp.sra.ebi.ac.uk/vol1/fastq/SRR183/026/SRR18341126/SRR18341126_2.fastq.gz	HTP	1
SRR18341125_1.fastq.gz	2021-06-06	ftp.sra.ebi.ac.uk/vol1/fastq/SRR183/025/SRR18341125/SRR18341125_1.fastq.gz	HTP	1
SRR18341125_2.fastq.gz	2021-06-06	ftp.sra.ebi.ac.uk/vol1/fastq/SRR183/025/SRR18341125/SRR18341125_2.fastq.gz	HTP	1
SRR18341131_1.fastq.gz	2021-06-10	ftp.sra.ebi.ac.uk/vol1/fastq/SRR183/031/SRR18341131/SRR18341131_1.fastq.gz	HTP	1
SRR18341131_2.fastq.gz	2021-06-10	ftp.sra.ebi.ac.uk/vol1/fastq/SRR183/031/SRR18341131/SRR18341131_2.fastq.gz	HTP	1
SRR18341130_1.fastq.gz	2021-06-15	ftp.sra.ebi.ac.uk/vol1/fastq/SRR183/030/SRR18341130/SRR18341130_1.fastq.gz	HTP	1
SRR18341130_2.fastq.gz	2021-06-15	ftp.sra.ebi.ac.uk/vol1/fastq/SRR183/030/SRR18341130/SRR18341130_2.fastq.gz	HTP	1
SRR18341129_1.fastq.gz	2021-06-20	ftp.sra.ebi.ac.uk/vol1/fastq/SRR183/029/SRR18341129/SRR18341129_1.fastq.gz	HTP	1
SRR18341129_2.fastq.gz	2021-06-20	ftp.sra.ebi.ac.uk/vol1/fastq/SRR183/029/SRR18341129/SRR18341129_2.fastq.gz	HTP	1
SRR18341128_1.fastq.gz	2021-06-24	ftp.sra.ebi.ac.uk/vol1/fastq/SRR183/028/SRR18341128/SRR18341128_1.fastq.gz	HTP	1
SRR18341128_2.fastq.gz	2021-06-24	ftp.sra.ebi.ac.uk/vol1/fastq/SRR183/028/SRR18341128/SRR18341128_2.fastq.gz	HTP	1
SRR18341127_1.fastq.gz	2021-06-27	ftp.sra.ebi.ac.uk/vol1/fastq/SRR183/027/SRR18341127/SRR18341127_1.fastq.gz	HTP	1
SRR18341127_2.fastq.gz	2021-06-27	ftp.sra.ebi.ac.uk/vol1/fastq/SRR183/027/SRR18341127/SRR18341127_2.fastq.gz	HTP	1
SRR18341123_1.fastq.gz	2021-07-01	ftp.sra.ebi.ac.uk/vol1/fastq/SRR183/023/SRR18341123/SRR18341123_1.fastq.gz	HTP	1
SRR18341123_2.fastq.gz	2021-07-01	ftp.sra.ebi.ac.uk/vol1/fastq/SRR183/023/SRR18341123/SRR18341123_2.fastq.gz	HTP	1
SRR18341118_1.fastq.gz	2021-07-08	ftp.sra.ebi.ac.uk/vol1/fastq/SRR183/018/SRR18341118/SRR18341118_1.fastq.gz	HTP	1
SRR18341118_2.fastq.gz	2021-07-08	ftp.sra.ebi.ac.uk/vol1/fastq/SRR183/018/SRR18341118/SRR18341118_2.fastq.gz	HTP	1
SRR18341122_1.fastq.gz	2021-07-13	ftp.sra.ebi.ac.uk/vol1/fastq/SRR183/022/SRR18341122/SRR18341122_1.fastq.gz	HTP	1
SRR18341122_2.fastq.gz	2021-07-13	ftp.sra.ebi.ac.uk/vol1/fastq/SRR183/022/SRR18341122/SRR18341122_2.fastq.gz	HTP	1
SRR18341121_1.fastq.gz	2021-07-15	ftp.sra.ebi.ac.uk/vol1/fastq/SRR183/021/SRR18341121/SRR18341121_1.fastq.gz	HTP	1
SRR18341121_2.fastq.gz	2021-07-15	ftp.sra.ebi.ac.uk/vol1/fastq/SRR183/021/SRR18341121/SRR18341121_2.fastq.gz	HTP	1
SRR18341120_1.fastq.gz	2021-07-22	ftp.sra.ebi.ac.uk/vol1/fastq/SRR183/020/SRR18341120/SRR18341120_1.fastq.gz	HTP	1
SRR18341120_2.fastq.gz	2021-07-22	ftp.sra.ebi.ac.uk/vol1/fastq/SRR183/020/SRR18341120/SRR18341120_2.fastq.gz	HTP	1
SRR18341119_1.fastq.gz	2021-07-29	ftp.sra.ebi.ac.uk/vol1/fastq/SRR183/019/SRR18341119/SRR18341119_1.fastq.gz	HTP	1
SRR18341119_2.fastq.gz	2021-07-29	ftp.sra.ebi.ac.uk/vol1/fastq/SRR183/019/SRR18341119/SRR18341119_2.fastq.gz	HTP	1
SRR14530761_1.fastq.gz	2020-10-20	ftp.sra.ebi.ac.uk/vol1/fastq/SRR145/061/SRR14530761/SRR14530761_1.fastq.gz	JW	0
SRR14530761_2.fastq.gz	2020-10-20	ftp.sra.ebi.ac.uk/vol1/fastq/SRR145/061/SRR14530761/SRR14530761_2.fastq.gz	JW	0
SRR14530818_1.fastq.gz	2020-10-20	ftp.sra.ebi.ac.uk/vol1/fastq/SRR145/018/SRR14530818/SRR14530818_1.fastq.gz	JW	1
SRR14530818_2.fastq.gz	2020-10-20	ftp.sra.ebi.ac.uk/vol1/fastq/SRR145/018/SRR14530818/SRR14530818_2.fastq.gz	JW	1
SRR14530760_1.fastq.gz	2020-10-27	ftp.sra.ebi.ac.uk/vol1/fastq/SRR145/060/SRR14530760/SRR14530760_1.fastq.gz	JW	0
SRR14530760_2.fastq.gz	2020-10-27	ftp.sra.ebi.ac.uk/vol1/fastq/SRR145/060/SRR14530760/SRR14530760_2.fastq.gz	JW	0
SRR14530894_1.fastq.gz	2020-10-27	ftp.sra.ebi.ac.uk/vol1/fastq/SRR145/094/SRR14530894/SRR14530894_1.fastq.gz	JW	1
SRR14530894_2.fastq.gz	2020-10-27	ftp.sra.ebi.ac.uk/vol1/fastq/SRR145/094/SRR14530894/SRR14530894_2.fastq.gz	JW	1
SRR14530756_1.fastq.gz	2020-08-11	ftp.sra.ebi.ac.uk/vol1/fastq/SRR145/056/SRR14530756/SRR14530756_1.fastq.gz	JWPCP	0
SRR14530756_2.fastq.gz	2020-08-11	ftp.sra.ebi.ac.uk/vol1/fastq/SRR145/056/SRR14530756/SRR14530756_2.fastq.gz	JWPCP	0
SRR14530861_1.fastq.gz	2020-08-11	ftp.sra.ebi.ac.uk/vol1/fastq/SRR145/061/SRR14530861/SRR14530861_1.fastq.gz	JWPCP	1
SRR14530861_2.fastq.gz	2020-08-11	ftp.sra.ebi.ac.uk/vol1/fastq/SRR145/061/SRR14530861/SRR14530861_2.fastq.gz	JWPCP	1
SRR14530755_1.fastq.gz	2020-08-18	ftp.sra.ebi.ac.uk/vol1/fastq/SRR145/055/SRR14530755/SRR14530755_1.fastq.gz	JWPCP	0
SRR14530755_2.fastq.gz	2020-08-18	ftp.sra.ebi.ac.uk/vol1/fastq/SRR145/055/SRR14530755/SRR14530755_2.fastq.gz	JWPCP	0
SRR14530850_1.fastq.gz	2020-08-18	ftp.sra.ebi.ac.uk/vol1/fastq/SRR145/050/SRR14530850/SRR14530850_1.fastq.gz	JWPCP	1
SRR14530850_2.fastq.gz	2020-08-18	ftp.sra.ebi.ac.uk/vol1/fastq/SRR145/050/SRR14530850/SRR14530850_2.fastq.gz	JWPCP	1
SRR14530754_1.fastq.gz	2020-08-25	ftp.sra.ebi.ac.uk/vol1/fastq/SRR145/054/SRR14530754/SRR14530754_1.fastq.gz	JWPCP	0
SRR14530754_2.fastq.gz	2020-08-25	ftp.sra.ebi.ac.uk/vol1/fastq/SRR145/054/SRR14530754/SRR14530754_2.fastq.gz	JWPCP	0
SRR14530839_1.fastq.gz	2020-08-25	ftp.sra.ebi.ac.uk/vol1/fastq/SRR145/039/SRR14530839/SRR14530839_1.fastq.gz	JWPCP	1
SRR14530839_2.fastq.gz	2020-08-25	ftp.sra.ebi.ac.uk/vol1/fastq/SRR145/039/SRR14530839/SRR14530839_2.fastq.gz	JWPCP	1
SRR14530753_1.fastq.gz	2020-09-01	ftp.sra.ebi.ac.uk/vol1/fastq/SRR145/053/SRR14530753/SRR14530753_1.fastq.gz	JWPCP	0
SRR14530753_2.fastq.gz	2020-09-01	ftp.sra.ebi.ac.uk/vol1/fastq/SRR145/053/SRR14530753/SRR14530753_2.fastq.gz	JWPCP	0
SRR14530828_1.fastq.gz	2020-09-01	ftp.sra.ebi.ac.uk/vol1/fastq/SRR145/028/SRR14530828/SRR14530828_1.fastq.gz	JWPCP	1
SRR14530828_2.fastq.gz	2020-09-01	ftp.sra.ebi.ac.uk/vol1/fastq/SRR145/028/SRR14530828/SRR14530828_2.fastq.gz	JWPCP	1
SRR14530752_1.fastq.gz	2020-09-08	ftp.sra.ebi.ac.uk/vol1/fastq/SRR145/052/SRR14530752/SRR14530752_1.fastq.gz	JWPCP	0
SRR14530752_2.fastq.gz	2020-09-08	ftp.sra.ebi.ac.uk/vol1/fastq/SRR145/052/SRR14530752/SRR14530752_2.fastq.gz	JWPCP	0
SRR14530814_1.fastq.gz	2020-09-08	ftp.sra.ebi.ac.uk/vol1/fastq/SRR145/014/SRR14530814/SRR14530814_1.fastq.gz	JWPCP	1
SRR14530814_2.fastq.gz	2020-09-08	ftp.sra.ebi.ac.uk/vol1/fastq/SRR145/014/SRR14530814/SRR14530814_2.fastq.gz	JWPCP	1
SRR14530751_1.fastq.gz	2020-09-15	ftp.sra.ebi.ac.uk/vol1/fastq/SRR145/051/SRR14530751/SRR14530751_1.fastq.gz	JWPCP	0
SRR14530751_2.fastq.gz	2020-09-15	ftp.sra.ebi.ac.uk/vol1/fastq/SRR145/051/SRR14530751/SRR14530751_2.fastq.gz	JWPCP	0
SRR14530813_1.fastq.gz	2020-09-15	ftp.sra.ebi.ac.uk/vol1/fastq/SRR145/013/SRR14530813/SRR14530813_1.fastq.gz	JWPCP	1
SRR14530813_2.fastq.gz	2020-09-15	ftp.sra.ebi.ac.uk/vol1/fastq/SRR145/013/SRR14530813/SRR14530813_2.fastq.gz	JWPCP	1
SRR14530750_1.fastq.gz	2020-09-22	ftp.sra.ebi.ac.uk/vol1/fastq/SRR145/050/SRR14530750/SRR14530750_1.fastq.gz	JWPCP	0
SRR14530750_2.fastq.gz	2020-09-22	ftp.sra.ebi.ac.uk/vol1/fastq/SRR145/050/SRR14530750/SRR14530750_2.fastq.gz	JWPCP	0
SRR14530811_1.fastq.gz	2020-09-22	ftp.sra.ebi.ac.uk/vol1/fastq/SRR145/011/SRR14530811/SRR14530811_1.fastq.gz	JWPCP	1
SRR14530811_2.fastq.gz	2020-09-22	ftp.sra.ebi.ac.uk/vol1/fastq/SRR145/011/SRR14530811/SRR14530811_2.fastq.gz	JWPCP	1
SRR14530837_1.fastq.gz	2020-09-29	ftp.sra.ebi.ac.uk/vol1/fastq/SRR145/037/SRR14530837/SRR14530837_1.fastq.gz	JWPCP	1
SRR14530837_2.fastq.gz	2020-09-29	ftp.sra.ebi.ac.uk/vol1/fastq/SRR145/037/SRR14530837/SRR14530837_2.fastq.gz	JWPCP	1
SRR14530876_1.fastq.gz	2020-09-29	ftp.sra.ebi.ac.uk/vol1/fastq/SRR145/076/SRR14530876/SRR14530876_1.fastq.gz	JWPCP	0
SRR14530876_2.fastq.gz	2020-09-29	ftp.sra.ebi.ac.uk/vol1/fastq/SRR145/076/SRR14530876/SRR14530876_2.fastq.gz	JWPCP	0
SRR14530759_1.fastq.gz	2020-10-06	ftp.sra.ebi.ac.uk/vol1/fastq/SRR145/059/SRR14530759/SRR14530759_1.fastq.gz	JWPCP	0
SRR14530759_2.fastq.gz	2020-10-06	ftp.sra.ebi.ac.uk/vol1/fastq/SRR145/059/SRR14530759/SRR14530759_2.fastq.gz	JWPCP	0
SRR14530883_1.fastq.gz	2020-10-06	ftp.sra.ebi.ac.uk/vol1/fastq/SRR145/083/SRR14530883/SRR14530883_1.fastq.gz	JWPCP	1
SRR14530883_2.fastq.gz	2020-10-06	ftp.sra.ebi.ac.uk/vol1/fastq/SRR145/083/SRR14530883/SRR14530883_2.fastq.gz	JWPCP	1
SRR14530758_1.fastq.gz	2020-10-13	ftp.sra.ebi.ac.uk/vol1/fastq/SRR145/058/SRR14530758/SRR14530758_1.fastq.gz	JWPCP	0
SRR14530758_2.fastq.gz	2020-10-13	ftp.sra.ebi.ac.uk/vol1/fastq/SRR145/058/SRR14530758/SRR14530758_2.fastq.gz	JWPCP	0
SRR14530872_1.fastq.gz	2020-10-13	ftp.sra.ebi.ac.uk/vol1/fastq/SRR145/072/SRR14530872/SRR14530872_1.fastq.gz	JWPCP	1
SRR14530872_2.fastq.gz	2020-10-13	ftp.sra.ebi.ac.uk/vol1/fastq/SRR145/072/SRR14530872/SRR14530872_2.fastq.gz	JWPCP	1
SRR14530838_1.fastq.gz	2020-11-03	ftp.sra.ebi.ac.uk/vol1/fastq/SRR145/038/SRR14530838/SRR14530838_1.fastq.gz	JWPCP	1
SRR14530838_2.fastq.gz	2020-11-03	ftp.sra.ebi.ac.uk/vol1/fastq/SRR145/038/SRR14530838/SRR14530838_2.fastq.gz	JWPCP	1
SRR14530877_1.fastq.gz	2020-11-03	ftp.sra.ebi.ac.uk/vol1/fastq/SRR145/077/SRR14530877/SRR14530877_1.fastq.gz	JWPCP	0
SRR14530877_2.fastq.gz	2020-11-03	ftp.sra.ebi.ac.uk/vol1/fastq/SRR145/077/SRR14530877/SRR14530877_2.fastq.gz	JWPCP	0
SRR14530841_1.fastq.gz	2020-11-10	ftp.sra.ebi.ac.uk/vol1/fastq/SRR145/041/SRR14530841/SRR14530841_1.fastq.gz	JWPCP	1
SRR14530841_2.fastq.gz	2020-11-10	ftp.sra.ebi.ac.uk/vol1/fastq/SRR145/041/SRR14530841/SRR14530841_2.fastq.gz	JWPCP	1
SRR14530879_1.fastq.gz	2020-11-10	ftp.sra.ebi.ac.uk/vol1/fastq/SRR145/079/SRR14530879/SRR14530879_1.fastq.gz	JWPCP	0
SRR14530879_2.fastq.gz	2020-11-10	ftp.sra.ebi.ac.uk/vol1/fastq/SRR145/079/SRR14530879/SRR14530879_2.fastq.gz	JWPCP	0
SRR14530840_1.fastq.gz	2020-11-17	ftp.sra.ebi.ac.uk/vol1/fastq/SRR145/040/SRR14530840/SRR14530840_1.fastq.gz	JWPCP	1
SRR14530840_2.fastq.gz	2020-11-17	ftp.sra.ebi.ac.uk/vol1/fastq/SRR145/040/SRR14530840/SRR14530840_2.fastq.gz	JWPCP	1
SRR14530878_1.fastq.gz	2020-11-17	ftp.sra.ebi.ac.uk/vol1/fastq/SRR145/078/SRR14530878/SRR14530878_1.fastq.gz	JWPCP	0
SRR14530878_2.fastq.gz	2020-11-17	ftp.sra.ebi.ac.uk/vol1/fastq/SRR145/078/SRR14530878/SRR14530878_2.fastq.gz	JWPCP	0
SRR14530747_1.fastq.gz	2020-08-14	ftp.sra.ebi.ac.uk/vol1/fastq/SRR145/047/SRR14530747/SRR14530747_1.fastq.gz	NC	0
SRR14530747_2.fastq.gz	2020-08-14	ftp.sra.ebi.ac.uk/vol1/fastq/SRR145/047/SRR14530747/SRR14530747_2.fastq.gz	NC	0
SRR14530808_1.fastq.gz	2020-08-14	ftp.sra.ebi.ac.uk/vol1/fastq/SRR145/008/SRR14530808/SRR14530808_1.fastq.gz	NC	1
SRR14530808_2.fastq.gz	2020-08-14	ftp.sra.ebi.ac.uk/vol1/fastq/SRR145/008/SRR14530808/SRR14530808_2.fastq.gz	NC	1
SRR14530745_1.fastq.gz	2020-08-28	ftp.sra.ebi.ac.uk/vol1/fastq/SRR145/045/SRR14530745/SRR14530745_1.fastq.gz	NC	0
SRR14530745_2.fastq.gz	2020-08-28	ftp.sra.ebi.ac.uk/vol1/fastq/SRR145/045/SRR14530745/SRR14530745_2.fastq.gz	NC	0
SRR14530807_1.fastq.gz	2020-08-28	ftp.sra.ebi.ac.uk/vol1/fastq/SRR145/007/SRR14530807/SRR14530807_1.fastq.gz	NC	1
SRR14530807_2.fastq.gz	2020-08-28	ftp.sra.ebi.ac.uk/vol1/fastq/SRR145/007/SRR14530807/SRR14530807_2.fastq.gz	NC	1
SRR14530744_1.fastq.gz	2020-09-11	ftp.sra.ebi.ac.uk/vol1/fastq/SRR145/044/SRR14530744/SRR14530744_1.fastq.gz	NC	0
SRR14530744_2.fastq.gz	2020-09-11	ftp.sra.ebi.ac.uk/vol1/fastq/SRR145/044/SRR14530744/SRR14530744_2.fastq.gz	NC	0
SRR14530806_1.fastq.gz	2020-09-11	ftp.sra.ebi.ac.uk/vol1/fastq/SRR145/006/SRR14530806/SRR14530806_1.fastq.gz	NC	1
SRR14530806_2.fastq.gz	2020-09-11	ftp.sra.ebi.ac.uk/vol1/fastq/SRR145/006/SRR14530806/SRR14530806_2.fastq.gz	NC	1
SRR14530874_1.fastq.gz	2020-09-25	ftp.sra.ebi.ac.uk/vol1/fastq/SRR145/074/SRR14530874/SRR14530874_1.fastq.gz	NC	0
SRR14530874_2.fastq.gz	2020-09-25	ftp.sra.ebi.ac.uk/vol1/fastq/SRR145/074/SRR14530874/SRR14530874_2.fastq.gz	NC	0
SRR14530749_1.fastq.gz	2020-10-09	ftp.sra.ebi.ac.uk/vol1/fastq/SRR145/049/SRR14530749/SRR14530749_1.fastq.gz	NC	0
SRR14530749_2.fastq.gz	2020-10-09	ftp.sra.ebi.ac.uk/vol1/fastq/SRR145/049/SRR14530749/SRR14530749_2.fastq.gz	NC	0
SRR14530810_1.fastq.gz	2020-10-09	ftp.sra.ebi.ac.uk/vol1/fastq/SRR145/010/SRR14530810/SRR14530810_1.fastq.gz	NC	1
SRR14530810_2.fastq.gz	2020-10-09	ftp.sra.ebi.ac.uk/vol1/fastq/SRR145/010/SRR14530810/SRR14530810_2.fastq.gz	NC	1
SRR14530748_1.fastq.gz	2020-10-23	ftp.sra.ebi.ac.uk/vol1/fastq/SRR145/048/SRR14530748/SRR14530748_1.fastq.gz	NC	0
SRR14530748_2.fastq.gz	2020-10-23	ftp.sra.ebi.ac.uk/vol1/fastq/SRR145/048/SRR14530748/SRR14530748_2.fastq.gz	NC	0
SRR14530809_1.fastq.gz	2020-10-23	ftp.sra.ebi.ac.uk/vol1/fastq/SRR145/009/SRR14530809/SRR14530809_1.fastq.gz	NC	1
SRR14530809_2.fastq.gz	2020-10-23	ftp.sra.ebi.ac.uk/vol1/fastq/SRR145/009/SRR14530809/SRR14530809_2.fastq.gz	NC	1
SRR14530875_1.fastq.gz	2020-11-06	ftp.sra.ebi.ac.uk/vol1/fastq/SRR145/075/SRR14530875/SRR14530875_1.fastq.gz	NC	0
SRR14530875_2.fastq.gz	2020-11-06	ftp.sra.ebi.ac.uk/vol1/fastq/SRR145/075/SRR14530875/SRR14530875_2.fastq.gz	NC	0
SRR14530742_1.fastq.gz	2020-08-12	ftp.sra.ebi.ac.uk/vol1/fastq/SRR145/042/SRR14530742/SRR14530742_1.fastq.gz	OC	0
SRR14530742_2.fastq.gz	2020-08-12	ftp.sra.ebi.ac.uk/vol1/fastq/SRR145/042/SRR14530742/SRR14530742_2.fastq.gz	OC	0
SRR14530804_1.fastq.gz	2020-08-12	ftp.sra.ebi.ac.uk/vol1/fastq/SRR145/004/SRR14530804/SRR14530804_1.fastq.gz	OC	1
SRR14530804_2.fastq.gz	2020-08-12	ftp.sra.ebi.ac.uk/vol1/fastq/SRR145/004/SRR14530804/SRR14530804_2.fastq.gz	OC	1
SRR14530741_1.fastq.gz	2020-08-19	ftp.sra.ebi.ac.uk/vol1/fastq/SRR145/041/SRR14530741/SRR14530741_1.fastq.gz	OC	0
SRR14530741_2.fastq.gz	2020-08-19	ftp.sra.ebi.ac.uk/vol1/fastq/SRR145/041/SRR14530741/SRR14530741_2.fastq.gz	OC	0
SRR14530803_1.fastq.gz	2020-08-19	ftp.sra.ebi.ac.uk/vol1/fastq/SRR145/003/SRR14530803/SRR14530803_1.fastq.gz	OC	1
SRR14530803_2.fastq.gz	2020-08-19	ftp.sra.ebi.ac.uk/vol1/fastq/SRR145/003/SRR14530803/SRR14530803_2.fastq.gz	OC	1
SRR14530740_1.fastq.gz	2020-08-26	ftp.sra.ebi.ac.uk/vol1/fastq/SRR145/040/SRR14530740/SRR14530740_1.fastq.gz	OC	0
SRR14530740_2.fastq.gz	2020-08-26	ftp.sra.ebi.ac.uk/vol1/fastq/SRR145/040/SRR14530740/SRR14530740_2.fastq.gz	OC	0
SRR14530802_1.fastq.gz	2020-08-26	ftp.sra.ebi.ac.uk/vol1/fastq/SRR145/002/SRR14530802/SRR14530802_1.fastq.gz	OC	1
SRR14530802_2.fastq.gz	2020-08-26	ftp.sra.ebi.ac.uk/vol1/fastq/SRR145/002/SRR14530802/SRR14530802_2.fastq.gz	OC	1
SRR14530739_1.fastq.gz	2020-09-02	ftp.sra.ebi.ac.uk/vol1/fastq/SRR145/039/SRR14530739/SRR14530739_1.fastq.gz	OC	0
SRR14530739_2.fastq.gz	2020-09-02	ftp.sra.ebi.ac.uk/vol1/fastq/SRR145/039/SRR14530739/SRR14530739_2.fastq.gz	OC	0
SRR14530800_1.fastq.gz	2020-09-02	ftp.sra.ebi.ac.uk/vol1/fastq/SRR145/000/SRR14530800/SRR14530800_1.fastq.gz	OC	1
SRR14530800_2.fastq.gz	2020-09-02	ftp.sra.ebi.ac.uk/vol1/fastq/SRR145/000/SRR14530800/SRR14530800_2.fastq.gz	OC	1
SRR14530738_1.fastq.gz	2020-09-03	ftp.sra.ebi.ac.uk/vol1/fastq/SRR145/038/SRR14530738/SRR14530738_1.fastq.gz	OC	0
SRR14530738_2.fastq.gz	2020-09-03	ftp.sra.ebi.ac.uk/vol1/fastq/SRR145/038/SRR14530738/SRR14530738_2.fastq.gz	OC	0
SRR14530799_1.fastq.gz	2020-09-03	ftp.sra.ebi.ac.uk/vol1/fastq/SRR145/099/SRR14530799/SRR14530799_1.fastq.gz	OC	1
SRR14530799_2.fastq.gz	2020-09-03	ftp.sra.ebi.ac.uk/vol1/fastq/SRR145/099/SRR14530799/SRR14530799_2.fastq.gz	OC	1
SRR14530737_1.fastq.gz	2020-09-16	ftp.sra.ebi.ac.uk/vol1/fastq/SRR145/037/SRR14530737/SRR14530737_1.fastq.gz	OC	0
SRR14530737_2.fastq.gz	2020-09-16	ftp.sra.ebi.ac.uk/vol1/fastq/SRR145/037/SRR14530737/SRR14530737_2.fastq.gz	OC	0
SRR14530798_1.fastq.gz	2020-09-16	ftp.sra.ebi.ac.uk/vol1/fastq/SRR145/098/SRR14530798/SRR14530798_1.fastq.gz	OC	1
SRR14530798_2.fastq.gz	2020-09-16	ftp.sra.ebi.ac.uk/vol1/fastq/SRR145/098/SRR14530798/SRR14530798_2.fastq.gz	OC	1
SRR14530736_1.fastq.gz	2020-09-23	ftp.sra.ebi.ac.uk/vol1/fastq/SRR145/036/SRR14530736/SRR14530736_1.fastq.gz	OC	0
SRR14530736_2.fastq.gz	2020-09-23	ftp.sra.ebi.ac.uk/vol1/fastq/SRR145/036/SRR14530736/SRR14530736_2.fastq.gz	OC	0
SRR14530797_1.fastq.gz	2020-09-23	ftp.sra.ebi.ac.uk/vol1/fastq/SRR145/097/SRR14530797/SRR14530797_1.fastq.gz	OC	1
SRR14530797_2.fastq.gz	2020-09-23	ftp.sra.ebi.ac.uk/vol1/fastq/SRR145/097/SRR14530797/SRR14530797_2.fastq.gz	OC	1
SRR14530734_1.fastq.gz	2020-09-30	ftp.sra.ebi.ac.uk/vol1/fastq/SRR145/034/SRR14530734/SRR14530734_1.fastq.gz	OC	0
SRR14530734_2.fastq.gz	2020-09-30	ftp.sra.ebi.ac.uk/vol1/fastq/SRR145/034/SRR14530734/SRR14530734_2.fastq.gz	OC	0
SRR14530796_1.fastq.gz	2020-09-30	ftp.sra.ebi.ac.uk/vol1/fastq/SRR145/096/SRR14530796/SRR14530796_1.fastq.gz	OC	1
SRR14530796_2.fastq.gz	2020-09-30	ftp.sra.ebi.ac.uk/vol1/fastq/SRR145/096/SRR14530796/SRR14530796_2.fastq.gz	OC	1
SRR14530743_1.fastq.gz	2020-10-07	ftp.sra.ebi.ac.uk/vol1/fastq/SRR145/043/SRR14530743/SRR14530743_1.fastq.gz	OC	0
SRR14530743_2.fastq.gz	2020-10-07	ftp.sra.ebi.ac.uk/vol1/fastq/SRR145/043/SRR14530743/SRR14530743_2.fastq.gz	OC	0
SRR14530805_1.fastq.gz	2020-10-07	ftp.sra.ebi.ac.uk/vol1/fastq/SRR145/005/SRR14530805/SRR14530805_1.fastq.gz	OC	1
SRR14530805_2.fastq.gz	2020-10-07	ftp.sra.ebi.ac.uk/vol1/fastq/SRR145/005/SRR14530805/SRR14530805_2.fastq.gz	OC	1
SRR21452135_1.fastq.gz	2020-10-21	ftp.sra.ebi.ac.uk/vol1/fastq/SRR214/035/SRR21452135/SRR21452135_1.fastq.gz	OC	0
SRR21452135_2.fastq.gz	2020-10-21	ftp.sra.ebi.ac.uk/vol1/fastq/SRR214/035/SRR21452135/SRR21452135_2.fastq.gz	OC	0
SRR14530835_1.fastq.gz	2020-11-04	ftp.sra.ebi.ac.uk/vol1/fastq/SRR145/035/SRR14530835/SRR14530835_1.fastq.gz	OC	1
SRR14530835_2.fastq.gz	2020-11-04	ftp.sra.ebi.ac.uk/vol1/fastq/SRR145/035/SRR14530835/SRR14530835_2.fastq.gz	OC	1
SRR14530869_1.fastq.gz	2020-11-04	ftp.sra.ebi.ac.uk/vol1/fastq/SRR145/069/SRR14530869/SRR14530869_1.fastq.gz	OC	0
SRR14530869_2.fastq.gz	2020-11-04	ftp.sra.ebi.ac.uk/vol1/fastq/SRR145/069/SRR14530869/SRR14530869_2.fastq.gz	OC	0
SRR14530868_1.fastq.gz	2020-11-09	ftp.sra.ebi.ac.uk/vol1/fastq/SRR145/068/SRR14530868/SRR14530868_1.fastq.gz	OC	0
SRR14530868_2.fastq.gz	2020-11-09	ftp.sra.ebi.ac.uk/vol1/fastq/SRR145/068/SRR14530868/SRR14530868_2.fastq.gz	OC	0
SRR14530836_1.fastq.gz	2020-11-11	ftp.sra.ebi.ac.uk/vol1/fastq/SRR145/036/SRR14530836/SRR14530836_1.fastq.gz	OC	1
SRR14530836_2.fastq.gz	2020-11-11	ftp.sra.ebi.ac.uk/vol1/fastq/SRR145/036/SRR14530836/SRR14530836_2.fastq.gz	OC	1
SRR14530873_1.fastq.gz	2020-11-11	ftp.sra.ebi.ac.uk/vol1/fastq/SRR145/073/SRR14530873/SRR14530873_1.fastq.gz	OC	0
SRR14530873_2.fastq.gz	2020-11-11	ftp.sra.ebi.ac.uk/vol1/fastq/SRR145/073/SRR14530873/SRR14530873_2.fastq.gz	OC	0
SRR14530871_1.fastq.gz	2020-11-18	ftp.sra.ebi.ac.uk/vol1/fastq/SRR145/071/SRR14530871/SRR14530871_1.fastq.gz	OC	0
SRR14530871_2.fastq.gz	2020-11-18	ftp.sra.ebi.ac.uk/vol1/fastq/SRR145/071/SRR14530871/SRR14530871_2.fastq.gz	OC	0
SRR14530870_1.fastq.gz	2020-11-25	ftp.sra.ebi.ac.uk/vol1/fastq/SRR145/070/SRR14530870/SRR14530870_1.fastq.gz	OC	0
SRR14530870_2.fastq.gz	2020-11-25	ftp.sra.ebi.ac.uk/vol1/fastq/SRR145/070/SRR14530870/SRR14530870_2.fastq.gz	OC	0
SRR14530834_1.fastq.gz	2020-12-14	ftp.sra.ebi.ac.uk/vol1/fastq/SRR145/034/SRR14530834/SRR14530834_1.fastq.gz	OC	1
SRR14530834_2.fastq.gz	2020-12-14	ftp.sra.ebi.ac.uk/vol1/fastq/SRR145/034/SRR14530834/SRR14530834_2.fastq.gz	OC	1
SRR14530867_1.fastq.gz	2020-12-14	ftp.sra.ebi.ac.uk/vol1/fastq/SRR145/067/SRR14530867/SRR14530867_1.fastq.gz	OC	0
SRR14530867_2.fastq.gz	2020-12-14	ftp.sra.ebi.ac.uk/vol1/fastq/SRR145/067/SRR14530867/SRR14530867_2.fastq.gz	OC	0
SRR14530833_1.fastq.gz	2020-12-21	ftp.sra.ebi.ac.uk/vol1/fastq/SRR145/033/SRR14530833/SRR14530833_1.fastq.gz	OC	1
SRR14530833_2.fastq.gz	2020-12-21	ftp.sra.ebi.ac.uk/vol1/fastq/SRR145/033/SRR14530833/SRR14530833_2.fastq.gz	OC	1
SRR14530866_1.fastq.gz	2020-12-21	ftp.sra.ebi.ac.uk/vol1/fastq/SRR145/066/SRR14530866/SRR14530866_1.fastq.gz	OC	0
SRR14530866_2.fastq.gz	2020-12-21	ftp.sra.ebi.ac.uk/vol1/fastq/SRR145/066/SRR14530866/SRR14530866_2.fastq.gz	OC	0
SRR14530732_1.fastq.gz	2020-08-13	ftp.sra.ebi.ac.uk/vol1/fastq/SRR145/032/SRR14530732/SRR14530732_1.fastq.gz	PL	0
SRR14530732_2.fastq.gz	2020-08-13	ftp.sra.ebi.ac.uk/vol1/fastq/SRR145/032/SRR14530732/SRR14530732_2.fastq.gz	PL	0
SRR14530794_1.fastq.gz	2020-08-13	ftp.sra.ebi.ac.uk/vol1/fastq/SRR145/094/SRR14530794/SRR14530794_1.fastq.gz	PL	1
SRR14530794_2.fastq.gz	2020-08-13	ftp.sra.ebi.ac.uk/vol1/fastq/SRR145/094/SRR14530794/SRR14530794_2.fastq.gz	PL	1
SRR14530731_1.fastq.gz	2020-08-27	ftp.sra.ebi.ac.uk/vol1/fastq/SRR145/031/SRR14530731/SRR14530731_1.fastq.gz	PL	0
SRR14530731_2.fastq.gz	2020-08-27	ftp.sra.ebi.ac.uk/vol1/fastq/SRR145/031/SRR14530731/SRR14530731_2.fastq.gz	PL	0
SRR14530793_1.fastq.gz	2020-08-27	ftp.sra.ebi.ac.uk/vol1/fastq/SRR145/093/SRR14530793/SRR14530793_1.fastq.gz	PL	1
SRR14530793_2.fastq.gz	2020-08-27	ftp.sra.ebi.ac.uk/vol1/fastq/SRR145/093/SRR14530793/SRR14530793_2.fastq.gz	PL	1
SRR14530730_1.fastq.gz	2020-09-10	ftp.sra.ebi.ac.uk/vol1/fastq/SRR145/030/SRR14530730/SRR14530730_1.fastq.gz	PL	0
SRR14530730_2.fastq.gz	2020-09-10	ftp.sra.ebi.ac.uk/vol1/fastq/SRR145/030/SRR14530730/SRR14530730_2.fastq.gz	PL	0
SRR14530792_1.fastq.gz	2020-09-10	ftp.sra.ebi.ac.uk/vol1/fastq/SRR145/092/SRR14530792/SRR14530792_1.fastq.gz	PL	1
SRR14530792_2.fastq.gz	2020-09-10	ftp.sra.ebi.ac.uk/vol1/fastq/SRR145/092/SRR14530792/SRR14530792_2.fastq.gz	PL	1
SRR14530729_1.fastq.gz	2020-09-24	ftp.sra.ebi.ac.uk/vol1/fastq/SRR145/029/SRR14530729/SRR14530729_1.fastq.gz	PL	0
SRR14530729_2.fastq.gz	2020-09-24	ftp.sra.ebi.ac.uk/vol1/fastq/SRR145/029/SRR14530729/SRR14530729_2.fastq.gz	PL	0
SRR14530791_1.fastq.gz	2020-09-24	ftp.sra.ebi.ac.uk/vol1/fastq/SRR145/091/SRR14530791/SRR14530791_1.fastq.gz	PL	1
SRR14530791_2.fastq.gz	2020-09-24	ftp.sra.ebi.ac.uk/vol1/fastq/SRR145/091/SRR14530791/SRR14530791_2.fastq.gz	PL	1
SRR14530733_1.fastq.gz	2020-10-22	ftp.sra.ebi.ac.uk/vol1/fastq/SRR145/033/SRR14530733/SRR14530733_1.fastq.gz	PL	0
SRR14530733_2.fastq.gz	2020-10-22	ftp.sra.ebi.ac.uk/vol1/fastq/SRR145/033/SRR14530733/SRR14530733_2.fastq.gz	PL	0
SRR14530795_1.fastq.gz	2020-10-22	ftp.sra.ebi.ac.uk/vol1/fastq/SRR145/095/SRR14530795/SRR14530795_1.fastq.gz	PL	1
SRR14530795_2.fastq.gz	2020-10-22	ftp.sra.ebi.ac.uk/vol1/fastq/SRR145/095/SRR14530795/SRR14530795_2.fastq.gz	PL	1
SRR14530827_1.fastq.gz	2020-11-05	ftp.sra.ebi.ac.uk/vol1/fastq/SRR145/027/SRR14530827/SRR14530827_1.fastq.gz	PL	1
SRR14530827_2.fastq.gz	2020-11-05	ftp.sra.ebi.ac.uk/vol1/fastq/SRR145/027/SRR14530827/SRR14530827_2.fastq.gz	PL	1
SRR14530860_1.fastq.gz	2020-11-05	ftp.sra.ebi.ac.uk/vol1/fastq/SRR145/060/SRR14530860/SRR14530860_1.fastq.gz	PL	0
SRR14530860_2.fastq.gz	2020-11-05	ftp.sra.ebi.ac.uk/vol1/fastq/SRR145/060/SRR14530860/SRR14530860_2.fastq.gz	PL	0
SRR14530830_1.fastq.gz	2020-11-29	ftp.sra.ebi.ac.uk/vol1/fastq/SRR145/030/SRR14530830/SRR14530830_1.fastq.gz	PL	1
SRR14530830_2.fastq.gz	2020-11-29	ftp.sra.ebi.ac.uk/vol1/fastq/SRR145/030/SRR14530830/SRR14530830_2.fastq.gz	PL	1
SRR14530863_1.fastq.gz	2020-11-29	ftp.sra.ebi.ac.uk/vol1/fastq/SRR145/063/SRR14530863/SRR14530863_1.fastq.gz	PL	0
SRR14530863_2.fastq.gz	2020-11-29	ftp.sra.ebi.ac.uk/vol1/fastq/SRR145/063/SRR14530863/SRR14530863_2.fastq.gz	PL	0
SRR14530829_1.fastq.gz	2020-11-30	ftp.sra.ebi.ac.uk/vol1/fastq/SRR145/029/SRR14530829/SRR14530829_1.fastq.gz	PL	1
SRR14530829_2.fastq.gz	2020-11-30	ftp.sra.ebi.ac.uk/vol1/fastq/SRR145/029/SRR14530829/SRR14530829_2.fastq.gz	PL	1
SRR14530862_1.fastq.gz	2020-11-30	ftp.sra.ebi.ac.uk/vol1/fastq/SRR145/062/SRR14530862/SRR14530862_1.fastq.gz	PL	0
SRR14530862_2.fastq.gz	2020-11-30	ftp.sra.ebi.ac.uk/vol1/fastq/SRR145/062/SRR14530862/SRR14530862_2.fastq.gz	PL	0
SRR14530826_1.fastq.gz	2020-12-14	ftp.sra.ebi.ac.uk/vol1/fastq/SRR145/026/SRR14530826/SRR14530826_1.fastq.gz	PL	1
SRR14530826_2.fastq.gz	2020-12-14	ftp.sra.ebi.ac.uk/vol1/fastq/SRR145/026/SRR14530826/SRR14530826_2.fastq.gz	PL	1
SRR14530859_1.fastq.gz	2020-12-14	ftp.sra.ebi.ac.uk/vol1/fastq/SRR145/059/SRR14530859/SRR14530859_1.fastq.gz	PL	0
SRR14530859_2.fastq.gz	2020-12-14	ftp.sra.ebi.ac.uk/vol1/fastq/SRR145/059/SRR14530859/SRR14530859_2.fastq.gz	PL	0
SRR14530825_1.fastq.gz	2020-12-22	ftp.sra.ebi.ac.uk/vol1/fastq/SRR145/025/SRR14530825/SRR14530825_1.fastq.gz	PL	1
SRR14530825_2.fastq.gz	2020-12-22	ftp.sra.ebi.ac.uk/vol1/fastq/SRR145/025/SRR14530825/SRR14530825_2.fastq.gz	PL	1
SRR14530858_1.fastq.gz	2020-12-22	ftp.sra.ebi.ac.uk/vol1/fastq/SRR145/058/SRR14530858/SRR14530858_1.fastq.gz	PL	0
SRR14530858_2.fastq.gz	2020-12-22	ftp.sra.ebi.ac.uk/vol1/fastq/SRR145/058/SRR14530858/SRR14530858_2.fastq.gz	PL	0
SRR14530824_1.fastq.gz	2020-12-28	ftp.sra.ebi.ac.uk/vol1/fastq/SRR145/024/SRR14530824/SRR14530824_1.fastq.gz	PL	1
SRR14530824_2.fastq.gz	2020-12-28	ftp.sra.ebi.ac.uk/vol1/fastq/SRR145/024/SRR14530824/SRR14530824_2.fastq.gz	PL	1
SRR14530857_1.fastq.gz	2020-12-28	ftp.sra.ebi.ac.uk/vol1/fastq/SRR145/057/SRR14530857/SRR14530857_1.fastq.gz	PL	0
SRR14530857_2.fastq.gz	2020-12-28	ftp.sra.ebi.ac.uk/vol1/fastq/SRR145/057/SRR14530857/SRR14530857_2.fastq.gz	PL	0
SRR14530832_1.fastq.gz	2021-01-03	ftp.sra.ebi.ac.uk/vol1/fastq/SRR145/032/SRR14530832/SRR14530832_1.fastq.gz	PL	1
SRR14530832_2.fastq.gz	2021-01-03	ftp.sra.ebi.ac.uk/vol1/fastq/SRR145/032/SRR14530832/SRR14530832_2.fastq.gz	PL	1
SRR14530865_1.fastq.gz	2021-01-03	ftp.sra.ebi.ac.uk/vol1/fastq/SRR145/065/SRR14530865/SRR14530865_1.fastq.gz	PL	0
SRR14530865_2.fastq.gz	2021-01-03	ftp.sra.ebi.ac.uk/vol1/fastq/SRR145/065/SRR14530865/SRR14530865_2.fastq.gz	PL	0
SRR14530831_1.fastq.gz	2021-01-04	ftp.sra.ebi.ac.uk/vol1/fastq/SRR145/031/SRR14530831/SRR14530831_1.fastq.gz	PL	1
SRR14530831_2.fastq.gz	2021-01-04	ftp.sra.ebi.ac.uk/vol1/fastq/SRR145/031/SRR14530831/SRR14530831_2.fastq.gz	PL	1
SRR14530864_1.fastq.gz	2021-01-04	ftp.sra.ebi.ac.uk/vol1/fastq/SRR145/064/SRR14530864/SRR14530864_1.fastq.gz	PL	0
SRR14530864_2.fastq.gz	2021-01-04	ftp.sra.ebi.ac.uk/vol1/fastq/SRR145/064/SRR14530864/SRR14530864_2.fastq.gz	PL	0
SRR18341066_1.fastq.gz	2021-01-06	ftp.sra.ebi.ac.uk/vol1/fastq/SRR183/066/SRR18341066/SRR18341066_1.fastq.gz	PL	1
SRR18341066_2.fastq.gz	2021-01-06	ftp.sra.ebi.ac.uk/vol1/fastq/SRR183/066/SRR18341066/SRR18341066_2.fastq.gz	PL	1
SRR18341117_1.fastq.gz	2021-01-12	ftp.sra.ebi.ac.uk/vol1/fastq/SRR183/017/SRR18341117/SRR18341117_1.fastq.gz	PL	1
SRR18341117_2.fastq.gz	2021-01-12	ftp.sra.ebi.ac.uk/vol1/fastq/SRR183/017/SRR18341117/SRR18341117_2.fastq.gz	PL	1
SRR18341116_1.fastq.gz	2021-01-13	ftp.sra.ebi.ac.uk/vol1/fastq/SRR183/016/SRR18341116/SRR18341116_1.fastq.gz	PL	1
SRR18341116_2.fastq.gz	2021-01-13	ftp.sra.ebi.ac.uk/vol1/fastq/SRR183/016/SRR18341116/SRR18341116_2.fastq.gz	PL	1
SRR18341115_1.fastq.gz	2021-01-14	ftp.sra.ebi.ac.uk/vol1/fastq/SRR183/015/SRR18341115/SRR18341115_1.fastq.gz	PL	1
SRR18341115_2.fastq.gz	2021-01-14	ftp.sra.ebi.ac.uk/vol1/fastq/SRR183/015/SRR18341115/SRR18341115_2.fastq.gz	PL	1
SRR18341114_1.fastq.gz	2021-01-17	ftp.sra.ebi.ac.uk/vol1/fastq/SRR183/014/SRR18341114/SRR18341114_1.fastq.gz	PL	1
SRR18341114_2.fastq.gz	2021-01-17	ftp.sra.ebi.ac.uk/vol1/fastq/SRR183/014/SRR18341114/SRR18341114_2.fastq.gz	PL	1
SRR18341112_1.fastq.gz	2021-01-18	ftp.sra.ebi.ac.uk/vol1/fastq/SRR183/012/SRR18341112/SRR18341112_1.fastq.gz	PL	1
SRR18341112_2.fastq.gz	2021-01-18	ftp.sra.ebi.ac.uk/vol1/fastq/SRR183/012/SRR18341112/SRR18341112_2.fastq.gz	PL	1
SRR18341111_1.fastq.gz	2021-01-20	ftp.sra.ebi.ac.uk/vol1/fastq/SRR183/011/SRR18341111/SRR18341111_1.fastq.gz	PL	1
SRR18341111_2.fastq.gz	2021-01-20	ftp.sra.ebi.ac.uk/vol1/fastq/SRR183/011/SRR18341111/SRR18341111_2.fastq.gz	PL	1
SRR18341110_1.fastq.gz	2021-01-24	ftp.sra.ebi.ac.uk/vol1/fastq/SRR183/010/SRR18341110/SRR18341110_1.fastq.gz	PL	1
SRR18341110_2.fastq.gz	2021-01-24	ftp.sra.ebi.ac.uk/vol1/fastq/SRR183/010/SRR18341110/SRR18341110_2.fastq.gz	PL	1
SRR18341069_1.fastq.gz	2021-01-25	ftp.sra.ebi.ac.uk/vol1/fastq/SRR183/069/SRR18341069/SRR18341069_1.fastq.gz	PL	1
SRR18341069_2.fastq.gz	2021-01-25	ftp.sra.ebi.ac.uk/vol1/fastq/SRR183/069/SRR18341069/SRR18341069_2.fastq.gz	PL	1
SRR18341068_1.fastq.gz	2021-01-27	ftp.sra.ebi.ac.uk/vol1/fastq/SRR183/068/SRR18341068/SRR18341068_1.fastq.gz	PL	1
SRR18341068_2.fastq.gz	2021-01-27	ftp.sra.ebi.ac.uk/vol1/fastq/SRR183/068/SRR18341068/SRR18341068_2.fastq.gz	PL	1
SRR18341067_1.fastq.gz	2021-01-31	ftp.sra.ebi.ac.uk/vol1/fastq/SRR183/067/SRR18341067/SRR18341067_1.fastq.gz	PL	1
SRR18341067_2.fastq.gz	2021-01-31	ftp.sra.ebi.ac.uk/vol1/fastq/SRR183/067/SRR18341067/SRR18341067_2.fastq.gz	PL	1
SRR18341065_1.fastq.gz	2021-02-01	ftp.sra.ebi.ac.uk/vol1/fastq/SRR183/065/SRR18341065/SRR18341065_1.fastq.gz	PL	1
SRR18341065_2.fastq.gz	2021-02-01	ftp.sra.ebi.ac.uk/vol1/fastq/SRR183/065/SRR18341065/SRR18341065_2.fastq.gz	PL	1
SRR18341056_1.fastq.gz	2021-02-03	ftp.sra.ebi.ac.uk/vol1/fastq/SRR183/056/SRR18341056/SRR18341056_1.fastq.gz	PL	1
SRR18341056_2.fastq.gz	2021-02-03	ftp.sra.ebi.ac.uk/vol1/fastq/SRR183/056/SRR18341056/SRR18341056_2.fastq.gz	PL	1
SRR18341055_1.fastq.gz	2021-02-07	ftp.sra.ebi.ac.uk/vol1/fastq/SRR183/055/SRR18341055/SRR18341055_1.fastq.gz	PL	1
SRR18341055_2.fastq.gz	2021-02-07	ftp.sra.ebi.ac.uk/vol1/fastq/SRR183/055/SRR18341055/SRR18341055_2.fastq.gz	PL	1
SRR18341054_1.fastq.gz	2021-02-08	ftp.sra.ebi.ac.uk/vol1/fastq/SRR183/054/SRR18341054/SRR18341054_1.fastq.gz	PL	1
SRR18341054_2.fastq.gz	2021-02-08	ftp.sra.ebi.ac.uk/vol1/fastq/SRR183/054/SRR18341054/SRR18341054_2.fastq.gz	PL	1
SRR18341064_1.fastq.gz	2021-02-10	ftp.sra.ebi.ac.uk/vol1/fastq/SRR183/064/SRR18341064/SRR18341064_1.fastq.gz	PL	1
SRR18341064_2.fastq.gz	2021-02-10	ftp.sra.ebi.ac.uk/vol1/fastq/SRR183/064/SRR18341064/SRR18341064_2.fastq.gz	PL	1
SRR18341063_1.fastq.gz	2021-02-14	ftp.sra.ebi.ac.uk/vol1/fastq/SRR183/063/SRR18341063/SRR18341063_1.fastq.gz	PL	1
SRR18341063_2.fastq.gz	2021-02-14	ftp.sra.ebi.ac.uk/vol1/fastq/SRR183/063/SRR18341063/SRR18341063_2.fastq.gz	PL	1
SRR18341061_1.fastq.gz	2021-02-15	ftp.sra.ebi.ac.uk/vol1/fastq/SRR183/061/SRR18341061/SRR18341061_1.fastq.gz	PL	1
SRR18341061_2.fastq.gz	2021-02-15	ftp.sra.ebi.ac.uk/vol1/fastq/SRR183/061/SRR18341061/SRR18341061_2.fastq.gz	PL	1
SRR18341060_1.fastq.gz	2021-02-17	ftp.sra.ebi.ac.uk/vol1/fastq/SRR183/060/SRR18341060/SRR18341060_1.fastq.gz	PL	1
SRR18341060_2.fastq.gz	2021-02-17	ftp.sra.ebi.ac.uk/vol1/fastq/SRR183/060/SRR18341060/SRR18341060_2.fastq.gz	PL	1
SRR18341059_1.fastq.gz	2021-02-21	ftp.sra.ebi.ac.uk/vol1/fastq/SRR183/059/SRR18341059/SRR18341059_1.fastq.gz	PL	1
SRR18341059_2.fastq.gz	2021-02-21	ftp.sra.ebi.ac.uk/vol1/fastq/SRR183/059/SRR18341059/SRR18341059_2.fastq.gz	PL	1
SRR18341058_1.fastq.gz	2021-02-22	ftp.sra.ebi.ac.uk/vol1/fastq/SRR183/058/SRR18341058/SRR18341058_1.fastq.gz	PL	1
SRR18341058_2.fastq.gz	2021-02-22	ftp.sra.ebi.ac.uk/vol1/fastq/SRR183/058/SRR18341058/SRR18341058_2.fastq.gz	PL	1
SRR18341057_1.fastq.gz	2021-02-28	ftp.sra.ebi.ac.uk/vol1/fastq/SRR183/057/SRR18341057/SRR18341057_1.fastq.gz	PL	1
SRR18341057_2.fastq.gz	2021-02-28	ftp.sra.ebi.ac.uk/vol1/fastq/SRR183/057/SRR18341057/SRR18341057_2.fastq.gz	PL	1
SRR18341053_1.fastq.gz	2021-03-01	ftp.sra.ebi.ac.uk/vol1/fastq/SRR183/053/SRR18341053/SRR18341053_1.fastq.gz	PL	1
SRR18341053_2.fastq.gz	2021-03-01	ftp.sra.ebi.ac.uk/vol1/fastq/SRR183/053/SRR18341053/SRR18341053_2.fastq.gz	PL	1
SRR18341042_1.fastq.gz	2021-03-03	ftp.sra.ebi.ac.uk/vol1/fastq/SRR183/042/SRR18341042/SRR18341042_1.fastq.gz	PL	1
SRR18341042_2.fastq.gz	2021-03-03	ftp.sra.ebi.ac.uk/vol1/fastq/SRR183/042/SRR18341042/SRR18341042_2.fastq.gz	PL	1
SRR18341107_1.fastq.gz	2021-03-07	ftp.sra.ebi.ac.uk/vol1/fastq/SRR183/007/SRR18341107/SRR18341107_1.fastq.gz	PL	1
SRR18341107_2.fastq.gz	2021-03-07	ftp.sra.ebi.ac.uk/vol1/fastq/SRR183/007/SRR18341107/SRR18341107_2.fastq.gz	PL	1
SRR18341106_1.fastq.gz	2021-03-08	ftp.sra.ebi.ac.uk/vol1/fastq/SRR183/006/SRR18341106/SRR18341106_1.fastq.gz	PL	1
SRR18341106_2.fastq.gz	2021-03-08	ftp.sra.ebi.ac.uk/vol1/fastq/SRR183/006/SRR18341106/SRR18341106_2.fastq.gz	PL	1
SRR18341052_1.fastq.gz	2021-03-10	ftp.sra.ebi.ac.uk/vol1/fastq/SRR183/052/SRR18341052/SRR18341052_1.fastq.gz	PL	1
SRR18341052_2.fastq.gz	2021-03-10	ftp.sra.ebi.ac.uk/vol1/fastq/SRR183/052/SRR18341052/SRR18341052_2.fastq.gz	PL	1
SRR18341050_1.fastq.gz	2021-03-14	ftp.sra.ebi.ac.uk/vol1/fastq/SRR183/050/SRR18341050/SRR18341050_1.fastq.gz	PL	1
SRR18341050_2.fastq.gz	2021-03-14	ftp.sra.ebi.ac.uk/vol1/fastq/SRR183/050/SRR18341050/SRR18341050_2.fastq.gz	PL	1
SRR18341049_1.fastq.gz	2021-03-15	ftp.sra.ebi.ac.uk/vol1/fastq/SRR183/049/SRR18341049/SRR18341049_1.fastq.gz	PL	1
SRR18341049_2.fastq.gz	2021-03-15	ftp.sra.ebi.ac.uk/vol1/fastq/SRR183/049/SRR18341049/SRR18341049_2.fastq.gz	PL	1
SRR18341048_1.fastq.gz	2021-03-18	ftp.sra.ebi.ac.uk/vol1/fastq/SRR183/048/SRR18341048/SRR18341048_1.fastq.gz	PL	1
SRR18341048_2.fastq.gz	2021-03-18	ftp.sra.ebi.ac.uk/vol1/fastq/SRR183/048/SRR18341048/SRR18341048_2.fastq.gz	PL	1
SRR18341047_1.fastq.gz	2021-03-21	ftp.sra.ebi.ac.uk/vol1/fastq/SRR183/047/SRR18341047/SRR18341047_1.fastq.gz	PL	1
SRR18341047_2.fastq.gz	2021-03-21	ftp.sra.ebi.ac.uk/vol1/fastq/SRR183/047/SRR18341047/SRR18341047_2.fastq.gz	PL	1
SRR18341046_1.fastq.gz	2021-03-22	ftp.sra.ebi.ac.uk/vol1/fastq/SRR183/046/SRR18341046/SRR18341046_1.fastq.gz	PL	1
SRR18341046_2.fastq.gz	2021-03-22	ftp.sra.ebi.ac.uk/vol1/fastq/SRR183/046/SRR18341046/SRR18341046_2.fastq.gz	PL	1
SRR18341045_1.fastq.gz	2021-03-24	ftp.sra.ebi.ac.uk/vol1/fastq/SRR183/045/SRR18341045/SRR18341045_1.fastq.gz	PL	1
SRR18341045_2.fastq.gz	2021-03-24	ftp.sra.ebi.ac.uk/vol1/fastq/SRR183/045/SRR18341045/SRR18341045_2.fastq.gz	PL	1
SRR18341044_1.fastq.gz	2021-03-28	ftp.sra.ebi.ac.uk/vol1/fastq/SRR183/044/SRR18341044/SRR18341044_1.fastq.gz	PL	1
SRR18341044_2.fastq.gz	2021-03-28	ftp.sra.ebi.ac.uk/vol1/fastq/SRR183/044/SRR18341044/SRR18341044_2.fastq.gz	PL	1
SRR18341043_1.fastq.gz	2021-03-29	ftp.sra.ebi.ac.uk/vol1/fastq/SRR183/043/SRR18341043/SRR18341043_1.fastq.gz	PL	1
SRR18341043_2.fastq.gz	2021-03-29	ftp.sra.ebi.ac.uk/vol1/fastq/SRR183/043/SRR18341043/SRR18341043_2.fastq.gz	PL	1
SRR18341109_1.fastq.gz	2021-03-31	ftp.sra.ebi.ac.uk/vol1/fastq/SRR183/009/SRR18341109/SRR18341109_1.fastq.gz	PL	1
SRR18341109_2.fastq.gz	2021-03-31	ftp.sra.ebi.ac.uk/vol1/fastq/SRR183/009/SRR18341109/SRR18341109_2.fastq.gz	PL	1
SRR18341100_1.fastq.gz	2021-04-04	ftp.sra.ebi.ac.uk/vol1/fastq/SRR183/000/SRR18341100/SRR18341100_1.fastq.gz	PL	1
SRR18341100_2.fastq.gz	2021-04-04	ftp.sra.ebi.ac.uk/vol1/fastq/SRR183/000/SRR18341100/SRR18341100_2.fastq.gz	PL	1
SRR18341099_1.fastq.gz	2021-04-05	ftp.sra.ebi.ac.uk/vol1/fastq/SRR183/099/SRR18341099/SRR18341099_1.fastq.gz	PL	1
SRR18341099_2.fastq.gz	2021-04-05	ftp.sra.ebi.ac.uk/vol1/fastq/SRR183/099/SRR18341099/SRR18341099_2.fastq.gz	PL	1
SRR18341098_1.fastq.gz	2021-04-07	ftp.sra.ebi.ac.uk/vol1/fastq/SRR183/098/SRR18341098/SRR18341098_1.fastq.gz	PL	1
SRR18341098_2.fastq.gz	2021-04-07	ftp.sra.ebi.ac.uk/vol1/fastq/SRR183/098/SRR18341098/SRR18341098_2.fastq.gz	PL	1
SRR18341105_1.fastq.gz	2021-04-14	ftp.sra.ebi.ac.uk/vol1/fastq/SRR183/005/SRR18341105/SRR18341105_1.fastq.gz	PL	1
SRR18341105_2.fastq.gz	2021-04-14	ftp.sra.ebi.ac.uk/vol1/fastq/SRR183/005/SRR18341105/SRR18341105_2.fastq.gz	PL	1
SRR18341104_1.fastq.gz	2021-04-21	ftp.sra.ebi.ac.uk/vol1/fastq/SRR183/004/SRR18341104/SRR18341104_1.fastq.gz	PL	1
SRR18341104_2.fastq.gz	2021-04-21	ftp.sra.ebi.ac.uk/vol1/fastq/SRR183/004/SRR18341104/SRR18341104_2.fastq.gz	PL	1
SRR18341103_1.fastq.gz	2021-04-25	ftp.sra.ebi.ac.uk/vol1/fastq/SRR183/003/SRR18341103/SRR18341103_1.fastq.gz	PL	1
SRR18341103_2.fastq.gz	2021-04-25	ftp.sra.ebi.ac.uk/vol1/fastq/SRR183/003/SRR18341103/SRR18341103_2.fastq.gz	PL	1
SRR18341102_1.fastq.gz	2021-04-26	ftp.sra.ebi.ac.uk/vol1/fastq/SRR183/002/SRR18341102/SRR18341102_1.fastq.gz	PL	1
SRR18341102_2.fastq.gz	2021-04-26	ftp.sra.ebi.ac.uk/vol1/fastq/SRR183/002/SRR18341102/SRR18341102_2.fastq.gz	PL	1
SRR18341101_1.fastq.gz	2021-04-28	ftp.sra.ebi.ac.uk/vol1/fastq/SRR183/001/SRR18341101/SRR18341101_1.fastq.gz	PL	1
SRR18341101_2.fastq.gz	2021-04-28	ftp.sra.ebi.ac.uk/vol1/fastq/SRR183/001/SRR18341101/SRR18341101_2.fastq.gz	PL	1
SRR18341092_1.fastq.gz	2021-05-03	ftp.sra.ebi.ac.uk/vol1/fastq/SRR183/092/SRR18341092/SRR18341092_1.fastq.gz	PL	1
SRR18341092_2.fastq.gz	2021-05-03	ftp.sra.ebi.ac.uk/vol1/fastq/SRR183/092/SRR18341092/SRR18341092_2.fastq.gz	PL	1
SRR18341090_1.fastq.gz	2021-05-04	ftp.sra.ebi.ac.uk/vol1/fastq/SRR183/090/SRR18341090/SRR18341090_1.fastq.gz	PL	1
SRR18341090_2.fastq.gz	2021-05-04	ftp.sra.ebi.ac.uk/vol1/fastq/SRR183/090/SRR18341090/SRR18341090_2.fastq.gz	PL	1
SRR18341089_1.fastq.gz	2021-05-05	ftp.sra.ebi.ac.uk/vol1/fastq/SRR183/089/SRR18341089/SRR18341089_1.fastq.gz	PL	1
SRR18341089_2.fastq.gz	2021-05-05	ftp.sra.ebi.ac.uk/vol1/fastq/SRR183/089/SRR18341089/SRR18341089_2.fastq.gz	PL	1
SRR18341088_1.fastq.gz	2021-05-09	ftp.sra.ebi.ac.uk/vol1/fastq/SRR183/088/SRR18341088/SRR18341088_1.fastq.gz	PL	1
SRR18341088_2.fastq.gz	2021-05-09	ftp.sra.ebi.ac.uk/vol1/fastq/SRR183/088/SRR18341088/SRR18341088_2.fastq.gz	PL	1
SRR18341096_1.fastq.gz	2021-05-10	ftp.sra.ebi.ac.uk/vol1/fastq/SRR183/096/SRR18341096/SRR18341096_1.fastq.gz	PL	1
SRR18341096_2.fastq.gz	2021-05-10	ftp.sra.ebi.ac.uk/vol1/fastq/SRR183/096/SRR18341096/SRR18341096_2.fastq.gz	PL	1
SRR18341095_1.fastq.gz	2021-05-12	ftp.sra.ebi.ac.uk/vol1/fastq/SRR183/095/SRR18341095/SRR18341095_1.fastq.gz	PL	1
SRR18341095_2.fastq.gz	2021-05-12	ftp.sra.ebi.ac.uk/vol1/fastq/SRR183/095/SRR18341095/SRR18341095_2.fastq.gz	PL	1
SRR18341094_1.fastq.gz	2021-05-17	ftp.sra.ebi.ac.uk/vol1/fastq/SRR183/094/SRR18341094/SRR18341094_1.fastq.gz	PL	1
SRR18341094_2.fastq.gz	2021-05-17	ftp.sra.ebi.ac.uk/vol1/fastq/SRR183/094/SRR18341094/SRR18341094_2.fastq.gz	PL	1
SRR18341093_1.fastq.gz	2021-05-24	ftp.sra.ebi.ac.uk/vol1/fastq/SRR183/093/SRR18341093/SRR18341093_1.fastq.gz	PL	1
SRR18341093_2.fastq.gz	2021-05-24	ftp.sra.ebi.ac.uk/vol1/fastq/SRR183/093/SRR18341093/SRR18341093_2.fastq.gz	PL	1
SRR18341091_1.fastq.gz	2021-05-31	ftp.sra.ebi.ac.uk/vol1/fastq/SRR183/091/SRR18341091/SRR18341091_1.fastq.gz	PL	1
SRR18341091_2.fastq.gz	2021-05-31	ftp.sra.ebi.ac.uk/vol1/fastq/SRR183/091/SRR18341091/SRR18341091_2.fastq.gz	PL	1
SRR18341085_1.fastq.gz	2021-06-02	ftp.sra.ebi.ac.uk/vol1/fastq/SRR183/085/SRR18341085/SRR18341085_1.fastq.gz	PL	1
SRR18341085_2.fastq.gz	2021-06-02	ftp.sra.ebi.ac.uk/vol1/fastq/SRR183/085/SRR18341085/SRR18341085_2.fastq.gz	PL	1
SRR18341082_1.fastq.gz	2021-06-07	ftp.sra.ebi.ac.uk/vol1/fastq/SRR183/082/SRR18341082/SRR18341082_1.fastq.gz	PL	1
SRR18341082_2.fastq.gz	2021-06-07	ftp.sra.ebi.ac.uk/vol1/fastq/SRR183/082/SRR18341082/SRR18341082_2.fastq.gz	PL	1
SRR18341087_1.fastq.gz	2021-06-14	ftp.sra.ebi.ac.uk/vol1/fastq/SRR183/087/SRR18341087/SRR18341087_1.fastq.gz	PL	1
SRR18341087_2.fastq.gz	2021-06-14	ftp.sra.ebi.ac.uk/vol1/fastq/SRR183/087/SRR18341087/SRR18341087_2.fastq.gz	PL	1
SRR18341084_1.fastq.gz	2021-06-21	ftp.sra.ebi.ac.uk/vol1/fastq/SRR183/084/SRR18341084/SRR18341084_1.fastq.gz	PL	1
SRR18341084_2.fastq.gz	2021-06-21	ftp.sra.ebi.ac.uk/vol1/fastq/SRR183/084/SRR18341084/SRR18341084_2.fastq.gz	PL	1
SRR18341083_1.fastq.gz	2021-06-28	ftp.sra.ebi.ac.uk/vol1/fastq/SRR183/083/SRR18341083/SRR18341083_1.fastq.gz	PL	1
SRR18341083_2.fastq.gz	2021-06-28	ftp.sra.ebi.ac.uk/vol1/fastq/SRR183/083/SRR18341083/SRR18341083_2.fastq.gz	PL	1
SRR18341009_1.fastq.gz	2021-07-05	ftp.sra.ebi.ac.uk/vol1/fastq/SRR183/009/SRR18341009/SRR18341009_1.fastq.gz	PL	1
SRR18341009_2.fastq.gz	2021-07-05	ftp.sra.ebi.ac.uk/vol1/fastq/SRR183/009/SRR18341009/SRR18341009_2.fastq.gz	PL	1
SRR18341013_1.fastq.gz	2021-07-12	ftp.sra.ebi.ac.uk/vol1/fastq/SRR183/013/SRR18341013/SRR18341013_1.fastq.gz	PL	1
SRR18341013_2.fastq.gz	2021-07-12	ftp.sra.ebi.ac.uk/vol1/fastq/SRR183/013/SRR18341013/SRR18341013_2.fastq.gz	PL	1
SRR18341012_1.fastq.gz	2021-07-19	ftp.sra.ebi.ac.uk/vol1/fastq/SRR183/012/SRR18341012/SRR18341012_1.fastq.gz	PL	1
SRR18341012_2.fastq.gz	2021-07-19	ftp.sra.ebi.ac.uk/vol1/fastq/SRR183/012/SRR18341012/SRR18341012_2.fastq.gz	PL	1
SRR18341011_1.fastq.gz	2021-07-25	ftp.sra.ebi.ac.uk/vol1/fastq/SRR183/011/SRR18341011/SRR18341011_1.fastq.gz	PL	1
SRR18341011_2.fastq.gz	2021-07-25	ftp.sra.ebi.ac.uk/vol1/fastq/SRR183/011/SRR18341011/SRR18341011_2.fastq.gz	PL	1
SRR18341010_1.fastq.gz	2021-07-29	ftp.sra.ebi.ac.uk/vol1/fastq/SRR183/010/SRR18341010/SRR18341010_1.fastq.gz	PL	1
SRR18341010_2.fastq.gz	2021-07-29	ftp.sra.ebi.ac.uk/vol1/fastq/SRR183/010/SRR18341010/SRR18341010_2.fastq.gz	PL	1
SRR18341008_1.fastq.gz	2021-08-03	ftp.sra.ebi.ac.uk/vol1/fastq/SRR183/008/SRR18341008/SRR18341008_1.fastq.gz	PL	1
SRR18341008_2.fastq.gz	2021-08-03	ftp.sra.ebi.ac.uk/vol1/fastq/SRR183/008/SRR18341008/SRR18341008_2.fastq.gz	PL	1
SRR14530727_1.fastq.gz	2020-08-13	ftp.sra.ebi.ac.uk/vol1/fastq/SRR145/027/SRR14530727/SRR14530727_1.fastq.gz	SB	0
SRR14530727_2.fastq.gz	2020-08-13	ftp.sra.ebi.ac.uk/vol1/fastq/SRR145/027/SRR14530727/SRR14530727_2.fastq.gz	SB	0
SRR14530788_1.fastq.gz	2020-08-13	ftp.sra.ebi.ac.uk/vol1/fastq/SRR145/088/SRR14530788/SRR14530788_1.fastq.gz	SB	1
SRR14530788_2.fastq.gz	2020-08-13	ftp.sra.ebi.ac.uk/vol1/fastq/SRR145/088/SRR14530788/SRR14530788_2.fastq.gz	SB	1
SRR14530726_1.fastq.gz	2020-08-27	ftp.sra.ebi.ac.uk/vol1/fastq/SRR145/026/SRR14530726/SRR14530726_1.fastq.gz	SB	0
SRR14530726_2.fastq.gz	2020-08-27	ftp.sra.ebi.ac.uk/vol1/fastq/SRR145/026/SRR14530726/SRR14530726_2.fastq.gz	SB	0
SRR14530787_1.fastq.gz	2020-08-27	ftp.sra.ebi.ac.uk/vol1/fastq/SRR145/087/SRR14530787/SRR14530787_1.fastq.gz	SB	1
SRR14530787_2.fastq.gz	2020-08-27	ftp.sra.ebi.ac.uk/vol1/fastq/SRR145/087/SRR14530787/SRR14530787_2.fastq.gz	SB	1
SRR14530724_1.fastq.gz	2020-09-10	ftp.sra.ebi.ac.uk/vol1/fastq/SRR145/024/SRR14530724/SRR14530724_1.fastq.gz	SB	0
SRR14530724_2.fastq.gz	2020-09-10	ftp.sra.ebi.ac.uk/vol1/fastq/SRR145/024/SRR14530724/SRR14530724_2.fastq.gz	SB	0
SRR14530786_1.fastq.gz	2020-09-10	ftp.sra.ebi.ac.uk/vol1/fastq/SRR145/086/SRR14530786/SRR14530786_1.fastq.gz	SB	1
SRR14530786_2.fastq.gz	2020-09-10	ftp.sra.ebi.ac.uk/vol1/fastq/SRR145/086/SRR14530786/SRR14530786_2.fastq.gz	SB	1
SRR14530725_1.fastq.gz	2020-09-24	ftp.sra.ebi.ac.uk/vol1/fastq/SRR145/025/SRR14530725/SRR14530725_1.fastq.gz	SB	0
SRR14530725_2.fastq.gz	2020-09-24	ftp.sra.ebi.ac.uk/vol1/fastq/SRR145/025/SRR14530725/SRR14530725_2.fastq.gz	SB	0
SRR14530785_1.fastq.gz	2020-09-24	ftp.sra.ebi.ac.uk/vol1/fastq/SRR145/085/SRR14530785/SRR14530785_1.fastq.gz	SB	1
SRR14530785_2.fastq.gz	2020-09-24	ftp.sra.ebi.ac.uk/vol1/fastq/SRR145/085/SRR14530785/SRR14530785_2.fastq.gz	SB	1
SRR14530823_1.fastq.gz	2020-10-08	ftp.sra.ebi.ac.uk/vol1/fastq/SRR145/023/SRR14530823/SRR14530823_1.fastq.gz	SB	1
SRR14530823_2.fastq.gz	2020-10-08	ftp.sra.ebi.ac.uk/vol1/fastq/SRR145/023/SRR14530823/SRR14530823_2.fastq.gz	SB	1
SRR14530856_1.fastq.gz	2020-10-08	ftp.sra.ebi.ac.uk/vol1/fastq/SRR145/056/SRR14530856/SRR14530856_1.fastq.gz	SB	0
SRR14530856_2.fastq.gz	2020-10-08	ftp.sra.ebi.ac.uk/vol1/fastq/SRR145/056/SRR14530856/SRR14530856_2.fastq.gz	SB	0
SRR14530728_1.fastq.gz	2020-10-22	ftp.sra.ebi.ac.uk/vol1/fastq/SRR145/028/SRR14530728/SRR14530728_1.fastq.gz	SB	0
SRR14530728_2.fastq.gz	2020-10-22	ftp.sra.ebi.ac.uk/vol1/fastq/SRR145/028/SRR14530728/SRR14530728_2.fastq.gz	SB	0
SRR14530789_1.fastq.gz	2020-10-22	ftp.sra.ebi.ac.uk/vol1/fastq/SRR145/089/SRR14530789/SRR14530789_1.fastq.gz	SB	1
SRR14530789_2.fastq.gz	2020-10-22	ftp.sra.ebi.ac.uk/vol1/fastq/SRR145/089/SRR14530789/SRR14530789_2.fastq.gz	SB	1
SRR14530822_1.fastq.gz	2020-11-05	ftp.sra.ebi.ac.uk/vol1/fastq/SRR145/022/SRR14530822/SRR14530822_1.fastq.gz	SB	1
SRR14530822_2.fastq.gz	2020-11-05	ftp.sra.ebi.ac.uk/vol1/fastq/SRR145/022/SRR14530822/SRR14530822_2.fastq.gz	SB	1
SRR14530855_1.fastq.gz	2020-11-05	ftp.sra.ebi.ac.uk/vol1/fastq/SRR145/055/SRR14530855/SRR14530855_1.fastq.gz	SB	0
SRR14530855_2.fastq.gz	2020-11-05	ftp.sra.ebi.ac.uk/vol1/fastq/SRR145/055/SRR14530855/SRR14530855_2.fastq.gz	SB	0
SRR14530780_1.fastq.gz	2020-08-12	ftp.sra.ebi.ac.uk/vol1/fastq/SRR145/080/SRR14530780/SRR14530780_1.fastq.gz	SJ	1
SRR14530780_2.fastq.gz	2020-08-12	ftp.sra.ebi.ac.uk/vol1/fastq/SRR145/080/SRR14530780/SRR14530780_2.fastq.gz	SJ	1
SRR14530899_1.fastq.gz	2020-08-12	ftp.sra.ebi.ac.uk/vol1/fastq/SRR145/099/SRR14530899/SRR14530899_1.fastq.gz	SJ	0
SRR14530899_2.fastq.gz	2020-08-12	ftp.sra.ebi.ac.uk/vol1/fastq/SRR145/099/SRR14530899/SRR14530899_2.fastq.gz	SJ	0
SRR14530778_1.fastq.gz	2020-08-19	ftp.sra.ebi.ac.uk/vol1/fastq/SRR145/078/SRR14530778/SRR14530778_1.fastq.gz	SJ	1
SRR14530778_2.fastq.gz	2020-08-19	ftp.sra.ebi.ac.uk/vol1/fastq/SRR145/078/SRR14530778/SRR14530778_2.fastq.gz	SJ	1
SRR14530898_1.fastq.gz	2020-08-19	ftp.sra.ebi.ac.uk/vol1/fastq/SRR145/098/SRR14530898/SRR14530898_1.fastq.gz	SJ	0
SRR14530898_2.fastq.gz	2020-08-19	ftp.sra.ebi.ac.uk/vol1/fastq/SRR145/098/SRR14530898/SRR14530898_2.fastq.gz	SJ	0
SRR14530777_1.fastq.gz	2020-08-26	ftp.sra.ebi.ac.uk/vol1/fastq/SRR145/077/SRR14530777/SRR14530777_1.fastq.gz	SJ	1
SRR14530777_2.fastq.gz	2020-08-26	ftp.sra.ebi.ac.uk/vol1/fastq/SRR145/077/SRR14530777/SRR14530777_2.fastq.gz	SJ	1
SRR14530897_1.fastq.gz	2020-08-26	ftp.sra.ebi.ac.uk/vol1/fastq/SRR145/097/SRR14530897/SRR14530897_1.fastq.gz	SJ	0
SRR14530897_2.fastq.gz	2020-08-26	ftp.sra.ebi.ac.uk/vol1/fastq/SRR145/097/SRR14530897/SRR14530897_2.fastq.gz	SJ	0
SRR14530776_1.fastq.gz	2020-09-02	ftp.sra.ebi.ac.uk/vol1/fastq/SRR145/076/SRR14530776/SRR14530776_1.fastq.gz	SJ	1
SRR14530776_2.fastq.gz	2020-09-02	ftp.sra.ebi.ac.uk/vol1/fastq/SRR145/076/SRR14530776/SRR14530776_2.fastq.gz	SJ	1
SRR14530896_1.fastq.gz	2020-09-02	ftp.sra.ebi.ac.uk/vol1/fastq/SRR145/096/SRR14530896/SRR14530896_1.fastq.gz	SJ	0
SRR14530896_2.fastq.gz	2020-09-02	ftp.sra.ebi.ac.uk/vol1/fastq/SRR145/096/SRR14530896/SRR14530896_2.fastq.gz	SJ	0
SRR14530775_1.fastq.gz	2020-09-09	ftp.sra.ebi.ac.uk/vol1/fastq/SRR145/075/SRR14530775/SRR14530775_1.fastq.gz	SJ	1
SRR14530775_2.fastq.gz	2020-09-09	ftp.sra.ebi.ac.uk/vol1/fastq/SRR145/075/SRR14530775/SRR14530775_2.fastq.gz	SJ	1
SRR14530895_1.fastq.gz	2020-09-09	ftp.sra.ebi.ac.uk/vol1/fastq/SRR145/095/SRR14530895/SRR14530895_1.fastq.gz	SJ	0
SRR14530895_2.fastq.gz	2020-09-09	ftp.sra.ebi.ac.uk/vol1/fastq/SRR145/095/SRR14530895/SRR14530895_2.fastq.gz	SJ	0
SRR14530774_1.fastq.gz	2020-09-16	ftp.sra.ebi.ac.uk/vol1/fastq/SRR145/074/SRR14530774/SRR14530774_1.fastq.gz	SJ	1
SRR14530774_2.fastq.gz	2020-09-16	ftp.sra.ebi.ac.uk/vol1/fastq/SRR145/074/SRR14530774/SRR14530774_2.fastq.gz	SJ	1
SRR14530893_1.fastq.gz	2020-09-16	ftp.sra.ebi.ac.uk/vol1/fastq/SRR145/093/SRR14530893/SRR14530893_1.fastq.gz	SJ	0
SRR14530893_2.fastq.gz	2020-09-16	ftp.sra.ebi.ac.uk/vol1/fastq/SRR145/093/SRR14530893/SRR14530893_2.fastq.gz	SJ	0
SRR14530815_1.fastq.gz	2020-09-23	ftp.sra.ebi.ac.uk/vol1/fastq/SRR145/015/SRR14530815/SRR14530815_1.fastq.gz	SJ	1
SRR14530815_2.fastq.gz	2020-09-23	ftp.sra.ebi.ac.uk/vol1/fastq/SRR145/015/SRR14530815/SRR14530815_2.fastq.gz	SJ	1
SRR14530851_1.fastq.gz	2020-09-23	ftp.sra.ebi.ac.uk/vol1/fastq/SRR145/051/SRR14530851/SRR14530851_1.fastq.gz	SJ	0
SRR14530851_2.fastq.gz	2020-09-23	ftp.sra.ebi.ac.uk/vol1/fastq/SRR145/051/SRR14530851/SRR14530851_2.fastq.gz	SJ	0
SRR14530773_1.fastq.gz	2020-09-30	ftp.sra.ebi.ac.uk/vol1/fastq/SRR145/073/SRR14530773/SRR14530773_1.fastq.gz	SJ	1
SRR14530773_2.fastq.gz	2020-09-30	ftp.sra.ebi.ac.uk/vol1/fastq/SRR145/073/SRR14530773/SRR14530773_2.fastq.gz	SJ	1
SRR14530892_1.fastq.gz	2020-09-30	ftp.sra.ebi.ac.uk/vol1/fastq/SRR145/092/SRR14530892/SRR14530892_1.fastq.gz	SJ	0
SRR14530892_2.fastq.gz	2020-09-30	ftp.sra.ebi.ac.uk/vol1/fastq/SRR145/092/SRR14530892/SRR14530892_2.fastq.gz	SJ	0
SRR14530784_1.fastq.gz	2020-10-07	ftp.sra.ebi.ac.uk/vol1/fastq/SRR145/084/SRR14530784/SRR14530784_1.fastq.gz	SJ	1
SRR14530784_2.fastq.gz	2020-10-07	ftp.sra.ebi.ac.uk/vol1/fastq/SRR145/084/SRR14530784/SRR14530784_2.fastq.gz	SJ	1
SRR14530903_1.fastq.gz	2020-10-07	ftp.sra.ebi.ac.uk/vol1/fastq/SRR145/003/SRR14530903/SRR14530903_1.fastq.gz	SJ	0
SRR14530903_2.fastq.gz	2020-10-07	ftp.sra.ebi.ac.uk/vol1/fastq/SRR145/003/SRR14530903/SRR14530903_2.fastq.gz	SJ	0
SRR14530783_1.fastq.gz	2020-10-14	ftp.sra.ebi.ac.uk/vol1/fastq/SRR145/083/SRR14530783/SRR14530783_1.fastq.gz	SJ	1
SRR14530783_2.fastq.gz	2020-10-14	ftp.sra.ebi.ac.uk/vol1/fastq/SRR145/083/SRR14530783/SRR14530783_2.fastq.gz	SJ	1
SRR14530902_1.fastq.gz	2020-10-14	ftp.sra.ebi.ac.uk/vol1/fastq/SRR145/002/SRR14530902/SRR14530902_1.fastq.gz	SJ	0
SRR14530902_2.fastq.gz	2020-10-14	ftp.sra.ebi.ac.uk/vol1/fastq/SRR145/002/SRR14530902/SRR14530902_2.fastq.gz	SJ	0
SRR14530782_1.fastq.gz	2020-10-21	ftp.sra.ebi.ac.uk/vol1/fastq/SRR145/082/SRR14530782/SRR14530782_1.fastq.gz	SJ	1
SRR14530782_2.fastq.gz	2020-10-21	ftp.sra.ebi.ac.uk/vol1/fastq/SRR145/082/SRR14530782/SRR14530782_2.fastq.gz	SJ	1
SRR14530901_1.fastq.gz	2020-10-21	ftp.sra.ebi.ac.uk/vol1/fastq/SRR145/001/SRR14530901/SRR14530901_1.fastq.gz	SJ	0
SRR14530901_2.fastq.gz	2020-10-21	ftp.sra.ebi.ac.uk/vol1/fastq/SRR145/001/SRR14530901/SRR14530901_2.fastq.gz	SJ	0
SRR14530781_1.fastq.gz	2020-10-28	ftp.sra.ebi.ac.uk/vol1/fastq/SRR145/081/SRR14530781/SRR14530781_1.fastq.gz	SJ	1
SRR14530781_2.fastq.gz	2020-10-28	ftp.sra.ebi.ac.uk/vol1/fastq/SRR145/081/SRR14530781/SRR14530781_2.fastq.gz	SJ	1
SRR14530900_1.fastq.gz	2020-10-28	ftp.sra.ebi.ac.uk/vol1/fastq/SRR145/000/SRR14530900/SRR14530900_1.fastq.gz	SJ	0
SRR14530900_2.fastq.gz	2020-10-28	ftp.sra.ebi.ac.uk/vol1/fastq/SRR145/000/SRR14530900/SRR14530900_2.fastq.gz	SJ	0
SRR14530816_1.fastq.gz	2020-11-04	ftp.sra.ebi.ac.uk/vol1/fastq/SRR145/016/SRR14530816/SRR14530816_1.fastq.gz	SJ	1
SRR14530816_2.fastq.gz	2020-11-04	ftp.sra.ebi.ac.uk/vol1/fastq/SRR145/016/SRR14530816/SRR14530816_2.fastq.gz	SJ	1
SRR14530852_1.fastq.gz	2020-11-04	ftp.sra.ebi.ac.uk/vol1/fastq/SRR145/052/SRR14530852/SRR14530852_1.fastq.gz	SJ	0
SRR14530852_2.fastq.gz	2020-11-04	ftp.sra.ebi.ac.uk/vol1/fastq/SRR145/052/SRR14530852/SRR14530852_2.fastq.gz	SJ	0
SRR14530821_1.fastq.gz	2020-11-11	ftp.sra.ebi.ac.uk/vol1/fastq/SRR145/021/SRR14530821/SRR14530821_1.fastq.gz	SJ	1
SRR14530821_2.fastq.gz	2020-11-11	ftp.sra.ebi.ac.uk/vol1/fastq/SRR145/021/SRR14530821/SRR14530821_2.fastq.gz	SJ	1
SRR14530854_1.fastq.gz	2020-11-11	ftp.sra.ebi.ac.uk/vol1/fastq/SRR145/054/SRR14530854/SRR14530854_1.fastq.gz	SJ	0
SRR14530854_2.fastq.gz	2020-11-11	ftp.sra.ebi.ac.uk/vol1/fastq/SRR145/054/SRR14530854/SRR14530854_2.fastq.gz	SJ	0
SRR14530817_1.fastq.gz	2020-11-18	ftp.sra.ebi.ac.uk/vol1/fastq/SRR145/017/SRR14530817/SRR14530817_1.fastq.gz	SJ	1
SRR14530817_2.fastq.gz	2020-11-18	ftp.sra.ebi.ac.uk/vol1/fastq/SRR145/017/SRR14530817/SRR14530817_2.fastq.gz	SJ	1
SRR14530853_1.fastq.gz	2020-11-18	ftp.sra.ebi.ac.uk/vol1/fastq/SRR145/053/SRR14530853/SRR14530853_1.fastq.gz	SJ	0
SRR14530853_2.fastq.gz	2020-11-18	ftp.sra.ebi.ac.uk/vol1/fastq/SRR145/053/SRR14530853/SRR14530853_2.fastq.gz	SJ	0
